EN,S_CODE,S_CITY,E_CODE,E_CITY,COUPON,NEW,VACATION,SW,HI,S_INCOME,E_INCOME,S_POP,E_POP,SLOT,GATE,DISTANCE,PAX,FARE
1,*,Dallas/Fort Worth   TX,*,Amarillo            TX,1,3,No,Yes,5291.99134115503,28637,21112,3036732,205711,Free,Free,312,7864,64.11
2,*,Atlanta             GA,*,Baltimore/Wash Intl MD,1.06,3,No,No,5419.16090653473,26993,29838,3532657,7145897,Free,Free,576,8820,174.47
3,*,Boston              MA,*,Baltimore/Wash Intl MD,1.06,3,No,No,9185.28323414993,30124,29838,5787293,7145897,Free,Free,364,6452,207.76
4,ORD,Chicago             IL,*,Baltimore/Wash Intl MD,1.06,3,No,Yes,2657.35198663894,29260,29838,7830332,7145897,Controlled,Free,612,25144,85.47
5,MDW,Chicago             IL,*,Baltimore/Wash Intl MD,1.06,3,No,Yes,2657.35198663894,29260,29838,7830332,7145897,Free,Free,612,25144,85.47
6,*,Cleveland           OH,*,Baltimore/Wash Intl MD,1.01,3,No,Yes,3408.10575092688,26046,29838,2230955,7145897,Free,Free,309,13386,56.76
7,*,Dallas/Fort Worth   TX,*,Baltimore/Wash Intl MD,1.28,3,No,No,6754.47943243695,28637,29838,3036732,7145897,Free,Free,1220,4625,228
8,*,Fort Lauderdale     FL,*,Baltimore/Wash Intl MD,1.15,3,Yes,Yes,5583.99694054697,26752,29838,1440377,7145897,Free,Free,921,5512,116.54
9,*,Houston             TX,*,Baltimore/Wash Intl MD,1.33,3,No,Yes,4662.43802802179,27211,29838,3770125,7145897,Free,Free,1249,7811,172.63
10,*,Kansas City         MO,*,Baltimore/Wash Intl MD,1.6,2,No,Yes,2616.99803317648,25450,29838,1694803,7145897,Free,Free,964,4657,114.76
11,*,Las Vegas           NV,*,Baltimore/Wash Intl MD,1.57,3,Yes,Yes,1772.59040028348,24575,29838,1197234,7145897,Free,Free,2104,4489,158.2
12,*,Los Angeles         CA,*,Baltimore/Wash Intl MD,1.5,1,No,Yes,3932.2913854374,24706,29838,9056076,7145897,Free,Free,2329,7349,228.99
13,*,Nashville           TN,*,Baltimore/Wash Intl MD,1.12,3,No,Yes,4471.62048018787,25995,29838,1115048,7145897,Free,Free,587,5654,79.17
14,*,New Orleans         LA,*,Baltimore/Wash Intl MD,1.29,3,No,Yes,4356.11848989686,22038,29838,1308499,7145897,Free,Free,992,3525,132.05
15,JFK,New York/Newark     NY,*,Baltimore/Wash Intl MD,1,3,No,No,2626.89592698908,32991,29838,8621121,7145897,Controlled,Free,181,7171,117.23
16,LGA,New York/Newark     NY,*,Baltimore/Wash Intl MD,1,3,No,No,2626.89592698908,32991,29838,8621121,7145897,Controlled,Free,181,7171,117.23
17,EWR,New York/Newark     NY,*,Baltimore/Wash Intl MD,1,3,No,No,2626.89592698908,32991,29838,8621121,7145897,Free,Constrained,181,7171,117.23
18,*,Orlando             FL,*,Baltimore/Wash Intl MD,1.13,3,Yes,Yes,5706.75926936144,22360,29838,1421287,7145897,Free,Free,788,11013,106.11
19,*,Phoenix             AZ,*,Baltimore/Wash Intl MD,1.86,3,No,Yes,1230.48383960804,23025,29838,2753373,7145897,Free,Free,2001,4408,181.16
20,*,Salt Lake City      UT,*,Baltimore/Wash Intl MD,1.93,3,No,Yes,2000.66981296507,21121,29838,1228816,7145897,Free,Free,1866,2767,157.5
21,*,San Diego           CA,*,Baltimore/Wash Intl MD,1.87,3,No,Yes,1572.93163878052,23903,29838,2673620,7145897,Free,Free,2290,3170,200.2
22,*,San Francisco       CA,*,Baltimore/Wash Intl MD,1.52,3,No,No,2967.59159316172,38813,29838,1653017,7145897,Free,Free,2454,6417,246.85
23,*,St Louis            MO,*,Baltimore/Wash Intl MD,1.14,3,No,Yes,4191.24122834886,25824,29838,2549844,7145897,Free,Free,729,10264,99.7
24,*,Tampa               FL,*,Baltimore/Wash Intl MD,1.13,3,Yes,Yes,5201.33834923357,23654,29838,2195215,7145897,Free,Free,846,7082,106.77
25,ORD,Chicago             IL,*,Birmingham          AL,1.16,3,No,Yes,3627.46142397476,29260,23858,7830332,895414,Controlled,Free,576,4138,113.5
26,MDW,Chicago             IL,*,Birmingham          AL,1.16,3,No,Yes,3627.46142397476,29260,23858,7830332,895414,Free,Free,576,4138,113.5
27,*,Seattle/Tacoma      WA,*,Boise               ID,1.07,3,No,Yes,5255.23544900451,30916,23901,2230831,372606,Free,Free,403,5995,69.12
28,*,Atlanta             GA,*,Boston              MA,1.25,3,No,No,5736.3350210154,26993,30124,3532657,5787293,Free,Free,939,14005,210
29,JFK,New York/Newark     NY,*,Buffalo             NY,1.01,3,No,No,4040.0939429212,32991,23184,8621121,1173217,Controlled,Free,291,12432,134.3
30,LGA,New York/Newark     NY,*,Buffalo             NY,1.01,3,No,No,4040.0939429212,32991,23184,8621121,1173217,Controlled,Free,291,12432,134.3
31,EWR,New York/Newark     NY,*,Buffalo             NY,1.01,3,No,No,4040.0939429212,32991,23184,8621121,1173217,Free,Constrained,291,12432,134.3
32,JFK,New York/Newark     NY,*,Charleston          SC,1.34,0,No,No,2587.88645819961,32991,18851,8621121,254153,Controlled,Free,637,6003,118.95
33,LGA,New York/Newark     NY,*,Charleston          SC,1.34,3,No,No,2587.88645819961,32991,18851,8621121,254153,Controlled,Free,637,6003,118.95
34,EWR,New York/Newark     NY,*,Charleston          SC,1.34,1,No,No,2587.88645819961,32991,18851,8621121,254153,Free,Constrained,637,6003,118.95
35,*,Atlanta             GA,*,Charlotte           NC,1.01,3,No,No,4435.9209710178,26993,25237,3532657,1318892,Free,Constrained,227,7335,97.96
36,*,Boston              MA,*,Charlotte           NC,1.25,3,No,No,8589.1673418816,30124,25237,5787293,1318892,Free,Constrained,722,3263,237.8
37,ORD,Chicago             IL,*,Charlotte           NC,1.16,3,No,No,4523.31418783442,29260,25237,7830332,1318892,Controlled,Constrained,589,5153,234.15
38,MDW,Chicago             IL,*,Charlotte           NC,1.16,3,No,No,4523.31418783442,29260,25237,7830332,1318892,Free,Constrained,589,5153,234.15
39,*,Dallas/Fort Worth   TX,*,Charlotte           NC,1.14,3,No,No,4439.86261215209,28637,25237,3036732,1318892,Free,Constrained,940,4493,203.17
40,JFK,New York/Newark     NY,*,Charlotte           NC,1.12,3,No,No,8714.02629818551,32991,25237,8621121,1318892,Controlled,Constrained,539,9305,250.73
41,LGA,New York/Newark     NY,*,Charlotte           NC,1.12,3,No,No,8714.02629818551,32991,25237,8621121,1318892,Controlled,Constrained,539,9305,250.73
42,EWR,New York/Newark     NY,*,Charlotte           NC,1.12,3,No,No,8714.02629818551,32991,25237,8621121,1318892,Free,Constrained,539,9305,250.73
43,*,Atlanta             GA,ORD,Chicago             IL,1.04,3,No,No,2712.37360354011,26993,29260,3532657,7830332,Controlled,Free,595,30877,106.6
44,*,Atlanta             GA,MDW,Chicago             IL,1.04,3,No,No,2712.37360354011,26993,29260,3532657,7830332,Free,Free,595,30877,106.6
45,*,Austin              TX,ORD,Chicago             IL,1.25,3,No,Yes,4417.15666123449,23665,29260,1038660,7830332,Controlled,Free,974,4980,136.27
46,*,Austin              TX,MDW,Chicago             IL,1.25,3,No,Yes,4417.15666123449,23665,29260,1038660,7830332,Free,Free,974,4980,136.27
47,*,Boston              MA,ORD,Chicago             IL,1.15,1,No,No,3977.22584748043,30124,29260,5787293,7830332,Controlled,Free,854,20718,230.87
48,*,Boston              MA,MDW,Chicago             IL,1.15,3,No,No,3977.22584748043,30124,29260,5787293,7830332,Free,Free,854,20718,230.87
49,*,Cincinnati          OH,ORD,Chicago             IL,1.01,3,No,No,3910.80654165584,25059,29260,1595139,7830332,Controlled,Constrained,254,7069,180.56
50,*,Cincinnati          OH,MDW,Chicago             IL,1.01,0,No,No,3910.80654165584,25059,29260,1595139,7830332,Free,Constrained,254,7069,180.56
51,*,Atlanta             GA,*,Cincinnati          OH,1.16,3,No,No,9350.12641200659,26993,25059,3532657,1595139,Free,Constrained,371,3892,215.83
52,*,Atlanta             GA,*,Cleveland           OH,1.12,3,No,No,4478.86709082763,26993,26046,3532657,2915745,Free,Free,561,4821,197.1
53,ORD,Chicago             IL,*,Cleveland           OH,1.01,3,No,Yes,2800.90554028016,29260,26046,7830332,2915745,Controlled,Free,316,24405,69.1
54,MDW,Chicago             IL,*,Cleveland           OH,1.01,1,No,Yes,2800.90554028016,29260,26046,7830332,2915745,Free,Free,316,24405,69.1
55,*,Dallas/Fort Worth   TX,*,Colorado Springs    CO,1.06,3,No,No,5110.53772962944,28637,22263,3036732,472254,Free,Free,592,6098,91.83
56,*,Houston             TX,*,Colorado Springs    CO,1.19,3,No,No,4037.08897851157,27211,22263,3770125,472254,Free,Free,817,4281,111.66
57,*,Las Vegas           NV,*,Colorado Springs    CO,1.16,3,Yes,No,3465.13655207681,24575,22263,1197234,472254,Free,Free,602,8810,57.62
58,*,Los Angeles         CA,*,Colorado Springs    CO,1.36,3,No,No,4384.63197078888,24706,22263,9056076,472254,Free,Free,833,5762,104.72
59,JFK,New York/Newark     NY,*,Colorado Springs    CO,1.36,3,No,No,2421.03921494144,32991,22263,8621121,472254,Controlled,Free,1636,5185,154.74
60,LGA,New York/Newark     NY,*,Colorado Springs    CO,1.36,3,No,No,2421.03921494144,32991,22263,8621121,472254,Controlled,Free,1636,5185,154.74
61,EWR,New York/Newark     NY,*,Colorado Springs    CO,1.36,3,No,No,2421.03921494144,32991,22263,8621121,472254,Free,Constrained,1636,5185,154.74
62,*,Phoenix             AZ,*,Colorado Springs    CO,1.09,3,No,No,4351.31326851008,23025,22263,2753373,472254,Free,Free,550,7599,77.98
63,IAD,Washington          DC,*,Colorado Springs    CO,1.68,3,No,No,2661.53414721923,31981,22263,4549784,472254,Free,Free,1476,4945,157.2
64,DCA,Washington          DC,*,Colorado Springs    CO,1.68,3,No,No,2661.53414721923,31981,22263,4549784,472254,Controlled,Free,1476,4945,157.2
65,*,Atlanta             GA,*,Columbus            OH,1.13,3,No,No,5356.50686201654,26993,24502,3532657,1442203,Free,Free,445,6075,113.2
66,*,Boston              MA,*,Columbus            OH,1.22,3,No,No,3789.6401495702,30124,24502,5787293,1442203,Free,Free,633,4758,143.59
67,ORD,Chicago             IL,*,Columbus            OH,1.01,3,No,Yes,2668.203413713,29260,24502,7830332,1442203,Controlled,Free,286,14516,75.07
68,MDW,Chicago             IL,*,Columbus            OH,1.01,0,No,Yes,2668.203413713,29260,24502,7830332,1442203,Free,Free,286,14516,75.07
69,*,Albuquerque         NM,*,Dallas/Fort Worth   TX,1.02,3,No,Yes,5222.2993470763,22089,28637,668159,3036732,Free,Free,573,10941,84.46
70,*,Atlanta             GA,*,Dallas/Fort Worth   TX,1.05,3,No,No,4624.89600372047,26993,28637,3532657,3036732,Free,Free,734,23075,113.99
71,*,Austin              TX,*,Dallas/Fort Worth   TX,1,3,No,Yes,5502.33376268082,23665,28637,1038660,3036732,Free,Free,184,18843,67.17
72,*,Boston              MA,*,Dallas/Fort Worth   TX,1.19,3,No,No,5605.05573819511,30124,28637,5787293,3036732,Free,Free,1559,8756,320.37
73,ORD,Chicago             IL,*,Dallas/Fort Worth   TX,1.14,3,No,No,6205.96648950824,29260,28637,7830332,3036732,Controlled,Free,805,20264,244.5
74,MDW,Chicago             IL,*,Dallas/Fort Worth   TX,1.14,3,No,No,6205.96648950824,29260,28637,7830332,3036732,Free,Free,805,20264,244.5
75,*,Corpus Christi      TX,*,Dallas/Fort Worth   TX,1.02,3,No,Yes,4386.55272123835,18933,28637,382155,3036732,Free,Free,354,5391,78.62
76,*,Atlanta             GA,*,Denver              CO,1.23,3,No,No,4202.65897665323,26993,29055,3532657,1862106,Free,Free,1200,7621,210.9
77,*,Boston              MA,*,Denver              CO,1.35,3,No,No,6140.91448645365,30124,29055,5787293,1862106,Free,Free,1755,5820,311.46
78,ORD,Chicago             IL,*,Denver              CO,1.08,3,No,No,5792.28288880067,29260,29055,7830332,1862106,Controlled,Free,902,16263,174.06
79,MDW,Chicago             IL,*,Denver              CO,1.08,3,No,No,5792.28288880067,29260,29055,7830332,1862106,Free,Free,902,16263,174.06
80,*,Dallas/Fort Worth   TX,*,Denver              CO,1.06,3,No,No,4157.61091694519,28637,29055,3036732,1862106,Free,Free,638,11298,155.81
81,*,Atlanta             GA,*,Detroit             MI,1.05,3,No,No,4312.94637086327,26993,26506,3532657,4459144,Free,Constrained,600,12752,106.56
82,*,Boston              MA,*,Detroit             MI,1.06,3,No,No,8162.76657719025,30124,26506,5787293,4459144,Free,Constrained,616,10358,110.42
83,ORD,Chicago             IL,*,Detroit             MI,1,3,No,Yes,3059.77937672608,29260,26506,7830332,4459144,Controlled,Constrained,237,34113,74.28
84,MDW,Chicago             IL,*,Detroit             MI,1,3,No,Yes,3059.77937672608,29260,26506,7830332,4459144,Free,Constrained,237,34113,74.28
85,*,Dallas/Fort Worth   TX,*,Detroit             MI,1.22,3,No,No,4033.3231009023,28637,26506,3036732,4459144,Free,Constrained,1001,6401,245.28
86,*,Denver              CO,*,Detroit             MI,1.21,3,No,No,4213.70759593149,29055,26506,1862106,4459144,Free,Constrained,1139,3851,256.48
87,*,Dallas/Fort Worth   TX,*,El Paso             TX,1.02,3,No,Yes,5063.07412946439,28637,14600,3036732,677757,Free,Free,548,10989,84.23
88,*,Atlanta             GA,*,Fort Lauderdale     FL,1.02,3,Yes,No,7032.26530946805,26993,26752,3532657,1440377,Free,Free,578,11425,105.1
89,*,Boston              MA,*,Fort Lauderdale     FL,1.27,3,Yes,No,2682.54458536544,30124,26752,5787293,1440377,Free,Free,1229,10483,121.09
90,ORD,Chicago             IL,*,Fort Lauderdale     FL,1.15,3,Yes,Yes,2482.76384726934,29260,26752,7830332,1440377,Controlled,Free,1168,10117,153.95
91,MDW,Chicago             IL,*,Fort Lauderdale     FL,1.15,3,Yes,Yes,2482.76384726934,29260,26752,7830332,1440377,Free,Free,1168,10117,153.95
92,*,Dallas/Fort Worth   TX,*,Fort Lauderdale     FL,1.16,3,Yes,No,4677.02885227445,28637,26752,3036732,1440377,Free,Free,1118,3402,207.84
93,*,Detroit             MI,*,Fort Lauderdale     FL,1.17,3,Yes,No,4681.68072935146,26506,26752,4459144,1440377,Free,Constrained,1128,6103,113.39
94,*,Boston              MA,*,Fort Meyers         FL,1.47,3,Yes,No,2565.51808709644,30124,26752,5787293,379566,Free,Free,1245,6390,126.62
95,ORD,Chicago             IL,*,Fort Meyers         FL,1.2,3,Yes,No,3247.31424870429,29260,26752,7830332,379566,Controlled,Free,1108,7196,136.68
96,MDW,Chicago             IL,*,Fort Meyers         FL,1.2,3,Yes,No,3247.31424870429,29260,26752,7830332,379566,Free,Free,1108,7196,136.68
97,*,Detroit             MI,*,Fort Meyers         FL,1.13,3,Yes,No,4516.90007759849,26506,26752,4459144,379566,Free,Constrained,1088,7049,108.15
98,JFK,New York/Newark     NY,*,Greensboro/High Pt  NC,1.07,3,No,No,4840.48311960535,32991,24348,8621121,111745,Controlled,Free,457,7574,180.85
99,LGA,New York/Newark     NY,*,Greensboro/High Pt  NC,1.07,3,No,No,4840.48311960535,32991,24348,8621121,111745,Controlled,Free,457,7574,180.85
100,EWR,New York/Newark     NY,*,Greensboro/High Pt  NC,1.07,3,No,No,4840.48311960535,32991,24348,8621121,111745,Free,Constrained,457,7574,180.85
101,*,Atlanta             GA,*,Hartford            CT,1.34,3,No,No,5137.40872650094,26993,30268,3532657,1106780,Free,Free,854,5806,175.81
102,ORD,Chicago             IL,*,Hartford            CT,1.13,3,No,No,4146.13354241317,29260,30268,7830332,1106780,Controlled,Free,779,6614,240.88
103,MDW,Chicago             IL,*,Hartford            CT,1.13,3,No,No,4146.13354241317,29260,30268,7830332,1106780,Free,Free,779,6614,240.88
104,*,Las Vegas           NV,*,Honolulu (Intl)     HI,1.56,3,Yes,No,3135.14409217508,24575,26681,1197234,873131,Free,Free,2764,6462,183.19
105,*,Los Angeles         CA,*,Honolulu (Intl)     HI,1.03,3,Yes,No,1706.89197426341,24706,26681,9056076,873131,Free,Free,2555,32824,167.16
106,*,San Francisco       CA,*,Honolulu (Intl)     HI,1.04,3,Yes,No,2447.14178112184,38813,26681,1653017,873131,Free,Free,2401,19055,177.09
107,*,Seattle/Tacoma      WA,*,Honolulu (Intl)     HI,1.29,3,Yes,No,3333.10932503016,30916,26681,2230831,873131,Free,Free,2679,6464,221.89
108,*,Atlanta             GA,*,Houston             TX,1.19,3,No,No,4468.80067566466,26993,27211,3532657,3770125,Free,Free,701,7201,233.16
109,*,Austin              TX,*,Houston             TX,1,3,No,Yes,6269.39471947088,23665,27211,1038660,3770125,Free,Free,138,9874,67.1
110,*,Boston              MA,*,Houston             TX,1.41,3,No,No,5497.25904112978,30124,27211,5787293,3770125,Free,Free,1605,4272,349.97
111,ORD,Chicago             IL,*,Houston             TX,1.09,3,No,Yes,2572.41905959618,29260,27211,7830332,3770125,Controlled,Free,939,16868,139.56
112,MDW,Chicago             IL,*,Houston             TX,1.09,3,No,Yes,2572.41905959618,29260,27211,7830332,3770125,Free,Free,939,16868,139.56
113,*,Cleveland           OH,*,Houston             TX,1.31,3,No,Yes,6172.9516085499,26046,27211,2230955,3770125,Free,Free,1117,4057,191.63
114,*,Corpus Christi      TX,*,Houston             TX,1,3,No,Yes,5826.13572854087,18933,27211,382155,3770125,Free,Free,184,5312,65.31
115,*,Dallas/Fort Worth   TX,*,Houston             TX,1,3,No,Yes,4992.62742289297,28637,27211,3036732,3770125,Free,Free,234,54429,67.78
116,*,Denver              CO,*,Houston             TX,1.14,3,No,No,4103.10249546826,29055,27211,1862106,3770125,Free,Free,866,5860,204.68
117,*,Detroit             MI,*,Houston             TX,1.19,3,No,Yes,3649.80234895284,26506,27211,4459144,3770125,Free,Constrained,1102,4660,177.22
118,*,Atlanta             GA,*,Indianapolis        IN,1.12,3,No,No,5180.12761891929,26993,25475,3532657,1489247,Free,Free,430,5378,109.78
119,ORD,Chicago             IL,*,Indianapolis        IN,1,3,No,Yes,3702.18263745634,29260,25475,7830332,1489247,Controlled,Free,167,9355,62.63
120,MDW,Chicago             IL,*,Indianapolis        IN,1,0,No,Yes,3702.18263745634,29260,25475,7830332,1489247,Free,Free,167,9355,62.63
121,*,Detroit             MI,*,Indianapolis        IN,1.11,3,No,Yes,8437.66708642633,26506,25475,4459144,1489247,Free,Constrained,241,4790,169.58
122,*,Fort Meyers         FL,*,Indianapolis        IN,1.21,3,Yes,No,6134.25815590859,24510,25475,379566,1489247,Free,Free,943,3624,105.73
123,*,Las Vegas           NV,*,Indianapolis        IN,1.34,3,Yes,No,2883.65317761574,24575,25475,1197234,1489247,Free,Free,1588,7406,114.13
124,*,Los Angeles         CA,*,Indianapolis        IN,1.52,3,No,No,1787.71117011328,24706,25475,9056076,1489247,Free,Free,1815,5869,153.5
125,JFK,New York/Newark     NY,*,Indianapolis        IN,1.27,0,No,No,3543.34007931643,32991,25475,8621121,1489247,Controlled,Free,657,7109,195.64
126,LGA,New York/Newark     NY,*,Indianapolis        IN,1.27,3,No,No,3543.34007931643,32991,25475,8621121,1489247,Controlled,Free,657,7109,195.64
127,EWR,New York/Newark     NY,*,Indianapolis        IN,1.27,3,No,No,3543.34007931643,32991,25475,8621121,1489247,Free,Constrained,657,7109,195.64
128,*,Orlando             FL,*,Indianapolis        IN,1.24,3,Yes,Yes,3009.47638706486,22360,25475,1421287,1489247,Free,Free,828,7675,97.36
129,*,Phoenix             AZ,*,Indianapolis        IN,1.27,3,No,Yes,3446.74965785329,23025,25475,2753373,1489247,Free,Free,1491,5100,138.08
130,*,San Francisco       CA,*,Indianapolis        IN,1.71,3,No,No,1892.36911119994,38813,25475,1653017,1489247,Free,Free,1941,3814,157.45
131,*,Tampa               FL,*,Indianapolis        IN,1.28,3,Yes,Yes,3076.53048325749,23654,25475,2195215,1489247,Free,Free,844,5160,99.43
132,*,Atlanta             GA,*,Jacksonville        FL,1,3,Yes,No,5963.75301990035,26993,23614,3532657,1008768,Free,Free,280,8571,87.59
133,ORD,Chicago             IL,*,Jacksonville        FL,1.45,3,Yes,No,3198.81152079984,29260,23614,7830332,1008768,Controlled,Free,865,3789,158.63
134,MDW,Chicago             IL,*,Jacksonville        FL,1.45,3,Yes,No,3198.81152079984,29260,23614,7830332,1008768,Free,Free,865,3789,158.63
135,*,Fort Lauderdale     FL,*,Jacksonville        FL,1.01,3,Yes,No,3305.6981779463,26752,23614,1440377,1008768,Free,Free,303,1859,114.93
136,*,Atlanta             GA,*,Kansas City         MO,1.11,0,No,No,6722.00877801387,26993,25450,3532657,1694803,Free,Free,685,6426,116.18
137,ORD,Chicago             IL,*,Kansas City         MO,1.04,3,No,Yes,3296.04951151908,29260,25450,7830332,1694803,Controlled,Free,407,20529,75.71
138,MDW,Chicago             IL,*,Kansas City         MO,1.04,0,No,Yes,3296.04951151908,29260,25450,7830332,1694803,Free,Free,407,20529,75.71
139,*,Dallas/Fort Worth   TX,*,Kansas City         MO,1.2,3,No,No,7520.08544188626,28637,25450,3036732,1694803,Free,Free,458,9381,116.57
140,*,Denver              CO,*,Kansas City         MO,1.02,3,No,No,5505.7911527149,29055,25450,1862106,1694803,Free,Free,541,7679,110.25
141,*,Detroit             MI,*,Kansas City         MO,1.31,3,No,Yes,5569.74673212128,26506,25450,4459144,1694803,Free,Constrained,639,4987,123.27
142,*,Houston             TX,*,Kansas City         MO,1.08,2,No,Yes,4343.84869799194,27211,25450,3770125,1694803,Free,Free,652,4649,127.78
143,*,Las Vegas           NV,*,Kansas City         MO,1.39,0,Yes,Yes,2844.24005413708,24575,25450,1197234,1694803,Free,Free,1140,8309,78.24
144,*,Los Angeles         CA,*,Kansas City         MO,1.31,2,No,Yes,1843.51789126729,24706,25450,9056076,1694803,Free,Free,1365,7959,116
145,*,Albuquerque         NM,*,Las Vegas           NV,1.08,0,Yes,Yes,7641.72863248754,22089,24575,668159,1197234,Free,Free,479,7170,72.43
146,*,Atlanta             GA,*,Las Vegas           NV,1.44,3,Yes,No,4112.43895868973,26993,24575,3532657,1197234,Free,Free,1744,7881,143.62
147,*,Austin              TX,*,Las Vegas           NV,1.35,3,Yes,Yes,3757.25252996058,23665,24575,1038660,1197234,Free,Free,1087,5738,80.31
148,*,Boston              MA,*,Las Vegas           NV,1.49,3,Yes,No,1833.9548457853,30124,24575,5787293,1197234,Free,Free,2372,10235,133.35
149,*,Burbank             CA,*,Las Vegas           NV,1,3,Yes,Yes,9592.9914354078,24706,24575,9056076,1197234,Free,Free,226,16845,52.92
150,ORD,Chicago             IL,*,Las Vegas           NV,1.15,3,Yes,Yes,2044.21028769068,29260,24575,7830332,1197234,Controlled,Free,1519,23739,123.74
151,MDW,Chicago             IL,*,Las Vegas           NV,1.15,3,Yes,Yes,2044.21028769068,29260,24575,7830332,1197234,Free,Free,1519,23739,123.74
152,*,Cleveland           OH,*,Las Vegas           NV,1.36,0,Yes,Yes,4070.44753206877,26046,24575,2230955,1197234,Free,Free,1831,4543,159.12
153,*,Columbus            OH,*,Las Vegas           NV,1.42,3,Yes,No,4956.57753145462,24502,24575,125722,1197234,Free,Free,1769,7231,115.84
154,*,Dallas/Fort Worth   TX,*,Las Vegas           NV,1.16,3,Yes,No,4446.51412161633,28637,24575,3036732,1197234,Free,Free,1052,6986,164.88
155,*,Denver              CO,*,Las Vegas           NV,1.13,3,Yes,No,3760.09541452444,29055,24575,1862106,1197234,Free,Free,618,10206,89.47
156,*,Detroit             MI,*,Las Vegas           NV,1.19,3,Yes,No,5307.26966491328,26506,24575,4459144,1197234,Free,Constrained,1756,6675,163.78
157,*,Houston             TX,*,Las Vegas           NV,1.18,3,Yes,Yes,3690.13122268223,27211,24575,3770125,1197234,Free,Free,1222,9632,112.99
158,*,Los Angeles         CA,*,Las Vegas           NV,1,0,Yes,Yes,2522.00829442567,24706,24575,9056076,1197234,Free,Free,238,51358,55.57
159,*,Los Angeles         CA,*,Las Vegas           NV,1,0,Yes,Yes,2522.00829442567,24706,24575,9056076,1197234,Free,Free,238,51358,55.57
160,*,Dallas/Fort Worth   TX,*,Little Rock         AR,1,3,No,Yes,5293.0483692946,28637,22726,3036732,547633,Free,Free,308,10451,59.77
161,*,Albuquerque         NM,*,Los Angeles         CA,1.09,3,No,Yes,4935.71650326871,22089,24706,668159,9056076,Free,Free,673,11980,76.79
162,*,Atlanta             GA,*,Los Angeles         CA,1.38,3,No,No,5465.97804005412,26993,24706,3532657,9056076,Free,Free,1946,13365,225.56
163,*,Boston              MA,*,Los Angeles         CA,1.35,3,No,No,2902.44081960651,30124,24706,5787293,9056076,Free,Free,2605,14737,301.79
164,ORD,Chicago             IL,*,Los Angeles         CA,1.19,3,No,No,3413.41979867243,29260,24706,7830332,9056076,Controlled,Free,1751,29771,233.78
165,MDW,Chicago             IL,*,Los Angeles         CA,1.19,3,No,No,3413.41979867243,29260,24706,7830332,9056076,Free,Free,1751,29771,233.78
166,*,Cleveland           OH,*,Los Angeles         CA,1.56,3,No,No,3300.07653305093,26046,24706,2230955,9056076,Free,Free,2062,4531,231.97
167,*,Columbus            OH,*,Los Angeles         CA,1.92,3,No,No,1550.15822472907,24502,24706,125722,9056076,Free,Free,1996,3542,179.23
168,*,Dallas/Fort Worth   TX,*,Los Angeles         CA,1.2,3,No,No,5976.02365653542,28637,24706,3036732,9056076,Free,Free,1234,9746,272.06
169,*,Denver              CO,*,Los Angeles         CA,1.1,3,No,No,6589.49073648645,29055,24706,1862106,9056076,Free,Free,854,20889,129.8
170,*,Detroit             MI,*,Los Angeles         CA,1.52,3,No,No,4289.78054940656,26506,24706,4459144,9056076,Free,Constrained,1988,6758,295.49
171,*,Fort Lauderdale     FL,*,Los Angeles         CA,1.27,3,Yes,No,3472.16600661423,26752,24706,1440377,9056076,Free,Free,2341,4719,193.5
172,*,Houston             TX,*,Los Angeles         CA,1.27,3,No,Yes,3942.8302848312,27211,24706,3770125,9056076,Free,Free,1379,11760,195.28
173,*,Atlanta             GA,*,Louisville          KY,1.04,3,No,No,5450.85284530545,26993,24307,3532657,989164,Free,Free,320,4562,101.68
174,*,Baltimore/Wash Intl MD,*,Louisville          KY,1.13,3,No,Yes,4655.17918128789,29838,24307,29838,989164,Free,Free,495,6218,60.26
175,ORD,Chicago             IL,*,Louisville          KY,1.02,3,No,Yes,4109.8743280605,29260,24307,7830332,989164,Controlled,Free,276,8793,68.06
176,MDW,Chicago             IL,*,Louisville          KY,1.02,3,No,Yes,4109.8743280605,29260,24307,7830332,989164,Free,Free,276,8793,68.06
177,*,Dallas/Fort Worth   TX,*,Lubbock             TX,1,3,No,Yes,6337.1994588075,28637,20980,3036732,231325,Free,Free,283,9446,60.87
178,*,Atlanta             GA,*,Memphis             TN,1.01,3,No,No,4988.82596589053,26993,24725,3532657,1074558,Free,Free,331,10255,70.62
179,*,Atlanta             GA,*,Miami               FL,1.01,1,Yes,No,4343.34603310003,26993,21207,3532657,2105604,Free,Free,595,14119,97.93
180,*,Boston              MA,*,Miami               FL,1.24,3,Yes,No,4133.34942430841,30124,21207,5787293,2105604,Free,Free,1259,7322,158.5
181,ORD,Chicago             IL,*,Miami               FL,1.15,3,Yes,No,3947.24337207206,29260,21207,7830332,2105604,Controlled,Free,1187,10671,168.92
182,MDW,Chicago             IL,*,Miami               FL,1.15,0,Yes,No,3947.24337207206,29260,21207,7830332,2105604,Free,Free,1187,10671,168.92
183,*,Dallas/Fort Worth   TX,*,Miami               FL,1.16,3,Yes,No,5772.85843453601,28637,21207,3036732,2105604,Free,Free,1116,4613,185.11
184,*,Detroit             MI,*,Miami               FL,1.17,3,Yes,No,6140.52648737483,26506,21207,4459144,2105604,Free,Constrained,1151,5064,133.98
185,*,Los Angeles         CA,*,Miami               FL,1.21,3,Yes,No,4567.20047217493,24706,21207,9056076,2105604,Free,Free,2336,11193,207.83
186,*,Las Vegas           NV,*,Milwaukee           WI,1.42,3,Yes,No,2796.60350855909,24575,26695,1197234,1646147,Free,Free,1521,2963,146.36
187,JFK,New York/Newark     NY,*,Milwaukee           WI,1.29,3,No,No,6108.57228264424,32991,26695,8621121,1646147,Controlled,Free,736,6590,190.09
188,LGA,New York/Newark     NY,*,Milwaukee           WI,1.29,3,No,No,6108.57228264424,32991,26695,8621121,1646147,Controlled,Free,736,6590,190.09
189,EWR,New York/Newark     NY,*,Milwaukee           WI,1.29,1,No,No,6108.57228264424,32991,26695,8621121,1646147,Free,Constrained,736,6590,190.09
190,*,Orlando             FL,*,Milwaukee           WI,1.49,3,Yes,No,2985.42304660907,22360,26695,1421287,1646147,Free,Free,1066,6935,104.87
191,*,Phoenix             AZ,*,Milwaukee           WI,1.36,3,No,No,3146.6828901975,23025,26695,2753373,1646147,Free,Free,1461,4879,154.06
192,*,Atlanta             GA,*,Minneapolis/St Paul MN,1.17,3,No,No,4317.65934333737,26993,28739,3532657,2761118,Free,Constrained,904,5578,269.43
193,*,Boston              MA,*,Minneapolis/St Paul MN,1.18,3,No,No,7702.88193642674,30124,28739,5787293,2761118,Free,Constrained,1114,7276,258.85
194,ORD,Chicago             IL,*,Minneapolis/St Paul MN,1.01,3,No,No,3911.16746818171,29260,28739,7830332,2761118,Controlled,Constrained,342,29137,156.93
195,MDW,Chicago             IL,*,Minneapolis/St Paul MN,1.01,3,No,No,3911.16746818171,29260,28739,7830332,2761118,Free,Constrained,342,29137,156.93
196,*,Dallas/Fort Worth   TX,*,Minneapolis/St Paul MN,1.1,3,No,No,4540.30106004059,28637,28739,3036732,2761118,Free,Constrained,857,6621,230.71
197,*,Denver              CO,*,Minneapolis/St Paul MN,1.02,3,No,No,4347.48346083104,29055,28739,1862106,2761118,Free,Constrained,693,10147,133.5
198,*,Detroit             MI,*,Minneapolis/St Paul MN,1.14,3,No,No,9249.13121604754,26506,28739,4459144,2761118,Free,Constrained,530,5389,286.54
199,*,Kansas City         MO,*,Minneapolis/St Paul MN,1.19,3,No,No,7958.31082957965,25450,28739,1694803,2761118,Free,Constrained,401,3733,232.55
200,*,Las Vegas           NV,*,Minneapolis/St Paul MN,1.13,3,Yes,No,6172.11915741344,24575,28739,1197234,2761118,Free,Constrained,1301,4353,171.67
201,*,Los Angeles         CA,*,Minneapolis/St Paul MN,1.24,3,No,No,6166.10432395287,24706,28739,9056076,2761118,Free,Constrained,1539,7749,246.1
202,ORD,Chicago             IL,*,Nashville           TN,1.02,3,No,Yes,3463.96073413139,29260,25995,7830332,1115048,Controlled,Free,401,10902,84.21
203,MDW,Chicago             IL,*,Nashville           TN,1.02,3,No,Yes,3463.96073413139,29260,25995,7830332,1115048,Free,Free,401,10902,84.21
204,*,Dallas/Fort Worth   TX,*,Nashville           TN,1.1,3,No,No,7138.34088185788,28637,25995,3036732,1115048,Free,Free,634,4632,181.99
205,*,Detroit             MI,*,Nashville           TN,1.16,2,No,Yes,7746.62665173167,26506,25995,4459144,1115048,Free,Constrained,466,6143,166.25
206,*,Houston             TX,*,Nashville           TN,1.08,3,No,Yes,4722.17485802284,27211,25995,3770125,1115048,Free,Free,671,5772,107.86
207,*,Los Angeles         CA,*,Nashville           TN,1.57,2,No,Yes,3106.38335833634,24706,25995,9056076,1115048,Free,Free,1798,4462,181.02
208,JFK,New York/Newark     NY,*,Nashville           TN,1.26,3,No,No,3647.27158182468,32991,25995,8621121,1115048,Controlled,Free,760,7387,215.01
209,LGA,New York/Newark     NY,*,Nashville           TN,1.26,3,No,No,3647.27158182468,32991,25995,8621121,1115048,Controlled,Free,760,7387,215.01
210,EWR,New York/Newark     NY,*,Nashville           TN,1.26,3,No,No,3647.27158182468,32991,25995,8621121,1115048,Free,Constrained,760,7387,215.01
211,*,Orlando             FL,*,Nashville           TN,1.17,1,Yes,Yes,2173.45252672165,22360,25995,1421287,1115048,Free,Free,615,6224,87.8
212,*,Atlanta             GA,*,New Orleans         LA,1.02,3,No,No,6269.74596903279,26993,22038,3532657,1308499,Free,Free,419,7796,120.7
213,ORD,Chicago             IL,*,New Orleans         LA,1.2,3,No,Yes,2621.00769572317,29260,22038,7830332,1308499,Controlled,Free,829,8356,132.85
214,MDW,Chicago             IL,*,New Orleans         LA,1.2,3,No,Yes,2621.00769572317,29260,22038,7830332,1308499,Free,Free,829,8356,132.85
215,*,Dallas/Fort Worth   TX,*,New Orleans         LA,1.05,3,No,Yes,4060.65414841447,28637,22038,3036732,1308499,Free,Free,455,12717,84.53
216,*,Houston             TX,*,New Orleans         LA,1.01,3,No,Yes,5117.49221876876,27211,22038,3770125,1308499,Free,Free,319,19894,76.81
217,*,Los Angeles         CA,*,New Orleans         LA,1.43,3,No,Yes,2605.0543893683,24706,22038,9056076,1308499,Free,Free,1678,5559,202
218,*,Albuquerque         NM,JFK,New York/Newark     NY,1.92,3,No,No,1940.17219696915,22089,32991,668159,8621121,Controlled,Free,1822,4002,208.79
219,*,Albuquerque         NM,LGA,New York/Newark     NY,1.92,3,No,No,1940.17219696915,22089,32991,668159,8621121,Controlled,Free,1822,4002,208.79
220,*,Albuquerque         NM,EWR,New York/Newark     NY,1.92,3,No,No,1940.17219696915,22089,32991,668159,8621121,Free,Constrained,1822,4002,208.79
221,*,Atlanta             GA,JFK,New York/Newark     NY,1.06,3,No,No,4593.38307765206,26993,32991,3532657,8621121,Controlled,Free,756,48642,162.28
222,*,Atlanta             GA,LGA,New York/Newark     NY,1.06,3,No,No,4593.38307765206,26993,32991,3532657,8621121,Controlled,Free,756,48642,162.28
223,*,Atlanta             GA,EWR,New York/Newark     NY,1.06,3,No,No,4593.38307765206,26993,32991,3532657,8621121,Free,Constrained,756,48642,162.28
224,*,Austin              TX,JFK,New York/Newark     NY,1.69,3,No,No,3447.62751350211,23665,32991,1038660,8621121,Controlled,Free,1515,3802,287.23
225,*,Austin              TX,LGA,New York/Newark     NY,1.69,3,No,No,3447.62751350211,23665,32991,1038660,8621121,Controlled,Free,1515,3802,287.23
226,*,Austin              TX,EWR,New York/Newark     NY,1.69,3,No,No,3447.62751350211,23665,32991,1038660,8621121,Free,Constrained,1515,3802,287.23
227,*,Boston              MA,JFK,New York/Newark     NY,1,3,No,No,2850.32807315988,30124,32991,5787293,8621121,Controlled,Free,183,66820,116.78
228,*,Boston              MA,LGA,New York/Newark     NY,1,3,No,No,2850.32807315988,30124,32991,5787293,8621121,Controlled,Free,183,66820,116.78
229,*,Boston              MA,EWR,New York/Newark     NY,1,3,No,No,2850.32807315988,30124,32991,5787293,8621121,Free,Constrained,183,66820,116.78
230,ORD,Chicago             IL,JFK,New York/Newark     NY,1.05,3,No,No,3316.89501885597,29260,32991,7830332,8621121,Controlled,Free,723,73892,159.71
231,ORD,Chicago             IL,LGA,New York/Newark     NY,1.05,3,No,No,3316.89501885597,29260,32991,7830332,8621121,Controlled,Free,723,73892,159.71
232,ORD,Chicago             IL,EWR,New York/Newark     NY,1.05,3,No,No,3316.89501885597,29260,32991,7830332,8621121,Controlled,Constrained,723,73892,159.71
233,MDW,Chicago             IL,JFK,New York/Newark     NY,1.05,3,No,No,3316.89501885597,29260,32991,7830332,8621121,Controlled,Free,723,73892,159.71
234,MDW,Chicago             IL,LGA,New York/Newark     NY,1.05,3,No,No,3316.89501885597,29260,32991,7830332,8621121,Controlled,Free,723,73892,159.71
235,MDW,Chicago             IL,EWR,New York/Newark     NY,1.05,3,No,No,3316.89501885597,29260,32991,7830332,8621121,Free,Constrained,723,73892,159.71
236,*,Cincinnati          OH,JFK,New York/Newark     NY,1.1,3,No,No,6102.03038793751,25059,32991,1595139,8621121,Controlled,Constrained,582,9567,205
237,*,Cincinnati          OH,LGA,New York/Newark     NY,1.1,3,No,No,6102.03038793751,25059,32991,1595139,8621121,Controlled,Constrained,582,9567,205
238,*,Cincinnati          OH,EWR,New York/Newark     NY,1.1,3,No,No,6102.03038793751,25059,32991,1595139,8621121,Free,Constrained,582,9567,205
239,*,Cleveland           OH,JFK,New York/Newark     NY,1.07,3,No,No,6798.93765745599,26046,32991,2230955,8621121,Controlled,Free,408,13252,143.44
240,*,Cleveland           OH,LGA,New York/Newark     NY,1.07,3,No,No,6798.93765745599,26046,32991,2230955,8621121,Controlled,Free,408,13252,143.44
241,*,Cleveland           OH,EWR,New York/Newark     NY,1.07,3,No,No,6798.93765745599,26046,32991,2230955,8621121,Free,Constrained,408,13252,143.44
242,*,Columbus            OH,JFK,New York/Newark     NY,1.11,0,No,No,3046.45311540319,24502,32991,125722,8621121,Controlled,Free,475,10168,174.87
243,*,Columbus            OH,LGA,New York/Newark     NY,1.11,3,No,No,3046.45311540319,24502,32991,125722,8621121,Controlled,Free,475,10168,174.87
244,*,Columbus            OH,EWR,New York/Newark     NY,1.11,3,No,No,3046.45311540319,24502,32991,125722,8621121,Free,Constrained,475,10168,174.87
245,*,Dallas/Fort Worth   TX,JFK,New York/Newark     NY,1.12,3,No,No,6583.71943445729,28637,32991,3036732,8621121,Controlled,Free,1389,24082,304.18
246,*,Dallas/Fort Worth   TX,LGA,New York/Newark     NY,1.12,3,No,No,6583.71943445729,28637,32991,3036732,8621121,Controlled,Free,1389,24082,304.18
247,*,Dallas/Fort Worth   TX,EWR,New York/Newark     NY,1.12,3,No,No,6583.71943445729,28637,32991,3036732,8621121,Free,Constrained,1389,24082,304.18
248,*,Denver              CO,JFK,New York/Newark     NY,1.25,3,No,No,4809.09834164184,29055,32991,1862106,8621121,Controlled,Free,1624,16240,270.36
249,*,Denver              CO,LGA,New York/Newark     NY,1.25,3,No,No,4809.09834164184,29055,32991,1862106,8621121,Controlled,Free,1624,16240,270.36
250,*,Denver              CO,EWR,New York/Newark     NY,1.25,3,No,No,4809.09834164184,29055,32991,1862106,8621121,Free,Constrained,1624,16240,270.36
251,*,Detroit             MI,JFK,New York/Newark     NY,1.06,3,No,No,5430.52441224805,26506,32991,4459144,8621121,Controlled,Constrained,492,17775,209.35
252,*,Detroit             MI,LGA,New York/Newark     NY,1.06,3,No,No,5430.52441224805,26506,32991,4459144,8621121,Controlled,Constrained,492,17775,209.35
253,*,Detroit             MI,EWR,New York/Newark     NY,1.06,3,No,No,5430.52441224805,26506,32991,4459144,8621121,Free,Constrained,492,17775,209.35
254,*,Fort Lauderdale     FL,JFK,New York/Newark     NY,1.06,3,Yes,No,2828.16065945533,26752,32991,1440377,8621121,Controlled,Free,1068,40159,123.18
255,*,Fort Lauderdale     FL,LGA,New York/Newark     NY,1.06,3,Yes,No,2828.16065945533,26752,32991,1440377,8621121,Controlled,Free,1068,40159,123.18
256,*,Fort Lauderdale     FL,EWR,New York/Newark     NY,1.06,3,Yes,No,2828.16065945533,26752,32991,1440377,8621121,Free,Constrained,1068,40159,123.18
257,*,Fort Meyers         FL,JFK,New York/Newark     NY,1.22,3,Yes,No,3536.16264521719,24510,32991,379566,8621121,Controlled,Free,1076,9399,143.2
258,*,Fort Meyers         FL,LGA,New York/Newark     NY,1.22,3,Yes,No,3536.16264521719,24510,32991,379566,8621121,Controlled,Free,1076,9399,143.2
259,*,Fort Meyers         FL,EWR,New York/Newark     NY,1.22,3,Yes,No,3536.16264521719,24510,32991,379566,8621121,Free,Constrained,1076,9399,143.2
260,*,Greenville/Sprtnbg  SC,JFK,New York/Newark     NY,1.29,0,No,No,3151.99939982876,21081,32991,895123,8621121,Controlled,Free,613,3806,144.6
261,*,Greenville/Sprtnbg  SC,LGA,New York/Newark     NY,1.29,3,No,No,3151.99939982876,21081,32991,895123,8621121,Controlled,Free,613,3806,144.6
262,*,Greenville/Sprtnbg  SC,EWR,New York/Newark     NY,1.29,3,No,No,3151.99939982876,21081,32991,895123,8621121,Free,Constrained,613,3806,144.6
263,*,Houston             TX,JFK,New York/Newark     NY,1.29,1,No,No,6438.26709302091,27211,32991,3770125,8621121,Controlled,Free,1426,15711,349.53
264,*,Houston             TX,LGA,New York/Newark     NY,1.29,3,No,No,6438.26709302091,27211,32991,3770125,8621121,Controlled,Free,1426,15711,349.53
265,*,Houston             TX,EWR,New York/Newark     NY,1.29,3,No,No,6438.26709302091,27211,32991,3770125,8621121,Free,Constrained,1426,15711,349.53
266,*,Jacksonville        FL,JFK,New York/Newark     NY,1.34,3,Yes,No,3840.27692166075,23614,32991,1008768,8621121,Controlled,Free,842,7098,183.43
267,*,Jacksonville        FL,LGA,New York/Newark     NY,1.34,3,Yes,No,3840.27692166075,23614,32991,1008768,8621121,Controlled,Free,842,7098,183.43
268,*,Jacksonville        FL,EWR,New York/Newark     NY,1.34,3,Yes,No,3840.27692166075,23614,32991,1008768,8621121,Free,Constrained,842,7098,183.43
269,*,Kansas City         MO,JFK,New York/Newark     NY,1.4,3,No,No,2617.86935414004,25450,32991,1694803,8621121,Controlled,Free,1103,7543,223.99
270,*,Kansas City         MO,LGA,New York/Newark     NY,1.4,0,No,No,2617.86935414004,25450,32991,1694803,8621121,Controlled,Free,1103,7543,223.99
271,*,Kansas City         MO,EWR,New York/Newark     NY,1.4,3,No,No,2617.86935414004,25450,32991,1694803,8621121,Free,Constrained,1103,7543,223.99
272,*,Las Vegas           NV,JFK,New York/Newark     NY,1.36,3,Yes,No,2263.80909409227,24575,32991,1197234,8621121,Controlled,Free,2237,26582,169.41
273,*,Las Vegas           NV,LGA,New York/Newark     NY,1.36,3,Yes,No,2263.80909409227,24575,32991,1197234,8621121,Controlled,Free,2237,26582,169.41
274,*,Las Vegas           NV,EWR,New York/Newark     NY,1.36,3,Yes,No,2263.80909409227,24575,32991,1197234,8621121,Free,Constrained,2237,26582,169.41
275,*,Los Angeles         CA,JFK,New York/Newark     NY,1.17,3,No,No,2517.73564183902,24706,32991,9056076,8621121,Controlled,Free,2467,60435,326.47
276,*,Los Angeles         CA,LGA,New York/Newark     NY,1.17,3,No,No,2517.73564183902,24706,32991,9056076,8621121,Controlled,Free,2467,60435,326.47
277,*,Los Angeles         CA,EWR,New York/Newark     NY,1.17,3,No,No,2517.73564183902,24706,32991,9056076,8621121,Free,Constrained,2467,60435,326.47
278,*,Memphis             TN,JFK,New York/Newark     NY,1.29,3,No,No,6317.55499379169,24725,32991,1074558,8621121,Controlled,Free,951,4614,234.31
279,*,Memphis             TN,LGA,New York/Newark     NY,1.29,3,No,No,6317.55499379169,24725,32991,1074558,8621121,Controlled,Free,951,4614,234.31
280,*,Memphis             TN,EWR,New York/Newark     NY,1.29,3,No,No,6317.55499379169,24725,32991,1074558,8621121,Free,Constrained,951,4614,234.31
281,*,Miami               FL,JFK,New York/Newark     NY,1.05,3,Yes,No,3042.08569860214,21207,32991,2105604,8621121,Controlled,Free,1097,51122,124.92
282,*,Miami               FL,LGA,New York/Newark     NY,1.05,3,Yes,No,3042.08569860214,21207,32991,2105604,8621121,Controlled,Free,1097,51122,124.92
283,*,Miami               FL,EWR,New York/Newark     NY,1.05,3,Yes,No,3042.08569860214,21207,32991,2105604,8621121,Free,Constrained,1097,51122,124.92
284,*,Minneapolis/St Paul MN,JFK,New York/Newark     NY,1.15,3,No,No,6143.20430007114,28739,32991,2761118,8621121,Controlled,Constrained,1015,13123,278.39
285,*,Minneapolis/St Paul MN,LGA,New York/Newark     NY,1.15,3,No,No,6143.20430007114,28739,32991,2761118,8621121,Controlled,Constrained,1015,13123,278.39
286,*,Minneapolis/St Paul MN,EWR,New York/Newark     NY,1.15,3,No,No,6143.20430007114,28739,32991,2761118,8621121,Free,Constrained,1015,13123,278.39
287,*,New Orleans         LA,JFK,New York/Newark     NY,1.42,3,No,No,2995.09969087694,22038,32991,1308499,8621121,Controlled,Free,1173,10334,208.71
288,*,New Orleans         LA,LGA,New York/Newark     NY,1.42,3,No,No,2995.09969087694,22038,32991,1308499,8621121,Controlled,Free,1173,10334,208.71
289,*,New Orleans         LA,EWR,New York/Newark     NY,1.42,3,No,No,2995.09969087694,22038,32991,1308499,8621121,Free,Constrained,1173,10334,208.71
290,*,Norfolk/Va B/Pt/Ch  VA,JFK,New York/Newark     NY,1.02,0,No,No,3585.86004604834,21125,32991,1536012,8621121,Controlled,Free,291,6295,150.13
291,*,Norfolk/Va B/Pt/Ch  VA,LGA,New York/Newark     NY,1.02,3,No,No,3585.86004604834,21125,32991,1536012,8621121,Controlled,Free,291,6295,150.13
292,*,Norfolk/Va B/Pt/Ch  VA,EWR,New York/Newark     NY,1.02,3,No,No,3585.86004604834,21125,32991,1536012,8621121,Free,Constrained,291,6295,150.13
293,*,Burbank             CA,*,Oakland             CA,1,3,No,Yes,8795.72757927566,24706,29846,9056076,2237227,Free,Free,325,23041,56.43
294,*,Las Vegas           NV,*,Oakland             CA,1.05,0,Yes,Yes,9062.94711880732,24575,29846,1197234,2237227,Free,Free,407,13356,58.03
295,*,Los Angeles         CA,*,Oakland             CA,1,3,No,Yes,5391.07667639686,24706,29846,9056076,2237227,Free,Free,334,43884,53.8
296,*,Dallas/Fort Worth   TX,*,Oklahoma City       OK,1,1,No,Yes,5149.02567300256,28637,20927,3036732,1021733,Free,Free,180,7646,66.14
297,*,Houston             TX,*,Oklahoma City       OK,1.09,3,No,Yes,4897.64198210668,27211,20927,3770125,1021733,Free,Free,410,5425,96.18
298,ORD,Chicago             IL,*,Omaha               NE,1.02,3,No,Yes,5230.31705165222,29260,25127,7830332,679984,Controlled,Free,428,8724,67.77
299,MDW,Chicago             IL,*,Omaha               NE,1.02,3,No,Yes,5230.31705165222,29260,25127,7830332,679984,Free,Free,428,8724,67.77
300,*,Denver              CO,*,Omaha               NE,1,3,No,No,6131.59920036658,29055,25127,1862106,679984,Free,Free,474,3734,139.81
301,*,Atlanta             GA,*,Orlando             FL,1.01,3,Yes,No,4581.0335143758,26993,22360,3532657,1421287,Free,Free,404,18673,92.78
302,*,Boston              MA,*,Orlando             FL,1.24,3,Yes,No,3123.3458156119,30124,22360,5787293,1421287,Free,Free,1119,23222,117.97
303,ORD,Chicago             IL,*,Orlando             FL,1.09,3,Yes,Yes,1853.53405882936,29260,22360,7830332,1421287,Controlled,Free,995,26034,121.67
304,MDW,Chicago             IL,*,Orlando             FL,1.09,3,Yes,Yes,1853.53405882936,29260,22360,7830332,1421287,Free,Free,995,26034,121.67
305,*,Cincinnati          OH,*,Orlando             FL,1.17,3,Yes,No,5313.07483466517,25059,22360,1595139,1421287,Free,Constrained,756,5235,138.88
306,*,Cleveland           OH,*,Orlando             FL,1.34,3,Yes,No,4568.57722266023,26046,22360,2230955,1421287,Free,Free,902,5696,140.9
307,*,Columbus            OH,*,Orlando             FL,1.5,0,Yes,Yes,2082.22679768515,24502,22360,125722,1421287,Free,Free,802,6399,104.33
308,*,Dallas/Fort Worth   TX,*,Orlando             FL,1.08,3,Yes,No,3819.51986912956,28637,22360,3036732,1421287,Free,Free,984,11392,153.58
309,*,Denver              CO,*,Orlando             FL,1.55,3,Yes,No,3651.90843418522,29055,22360,1862106,1421287,Free,Free,1545,5820,201.43
310,*,Detroit             MI,*,Orlando             FL,1.16,3,Yes,No,5790.88016032507,26506,22360,4459144,1421287,Free,Constrained,963,16414,102.95
311,*,Fort Lauderdale     FL,*,Orlando             FL,1,3,Yes,Yes,4144.01109287334,26752,22360,1440377,1421287,Free,Free,174,9216,45.55
312,*,Hartford            CT,*,Orlando             FL,1.36,3,Yes,No,3217.36972233427,30268,22360,1106780,1421287,Free,Free,1045,9823,114.5
313,*,Houston             TX,*,Orlando             FL,1.28,3,Yes,Yes,4843.939839649,27211,22360,3770125,1421287,Free,Free,856,5798,150.04
314,*,Kansas City         MO,*,Orlando             FL,1.68,0,Yes,Yes,1771.85044503041,25450,22360,1694803,1421287,Free,Free,1064,5610,121.35
315,*,Las Vegas           NV,*,Orlando             FL,1.48,3,Yes,No,3285.2933949718,24575,22360,1197234,1421287,Free,Free,2035,5829,117.59
316,*,Los Angeles         CA,*,Orlando             FL,1.4,3,Yes,No,4628.93643297274,24706,22360,9056076,1421287,Free,Free,2216,8084,258.43
317,*,Miami               FL,*,Orlando             FL,1,0,Yes,No,5149.70194021016,21207,22360,2105604,1421287,Free,Free,192,7967,96.53
318,*,Miami               FL,*,Orlando             FL,1,0,Yes,No,5149.70194021016,21207,22360,2105604,1421287,Free,Free,192,7967,96.53
319,*,Minneapolis/St Paul MN,*,Orlando             FL,1.34,3,Yes,No,6037.84151406114,28739,22360,2761118,1421287,Free,Constrained,1308,4978,204.62
320,*,New Orleans         LA,*,Orlando             FL,1.3,3,Yes,Yes,2424.61189756843,22038,22360,1308499,1421287,Free,Free,541,5057,92.35
321,JFK,New York/Newark     NY,*,Orlando             FL,1.08,3,Yes,No,2386.85222731224,32991,22360,8621121,1421287,Controlled,Free,947,54990,123.97
322,LGA,New York/Newark     NY,*,Orlando             FL,1.08,3,Yes,No,2386.85222731224,32991,22360,8621121,1421287,Controlled,Free,947,54990,123.97
323,EWR,New York/Newark     NY,*,Orlando             FL,1.08,3,Yes,No,2386.85222731224,32991,22360,8621121,1421287,Free,Constrained,947,54990,123.97
324,*,Atlanta             GA,*,Philadelphia/Camden PA,1.06,3,No,No,4248.47210722649,26993,27994,3532657,4948339,Free,Free,674,16512,125.09
325,*,Boston              MA,*,Philadelphia/Camden PA,1.02,0,No,No,9649.01234020354,30124,27994,5787293,4948339,Free,Free,265,17196,138.56
326,ORD,Chicago             IL,*,Philadelphia/Camden PA,1.08,3,No,No,3748.60103049015,29260,27994,7830332,4948339,Controlled,Free,673,16559,215.06
327,MDW,Chicago             IL,*,Philadelphia/Camden PA,1.08,3,No,No,3748.60103049015,29260,27994,7830332,4948339,Free,Free,673,16559,215.06
328,*,Dallas/Fort Worth   TX,*,Philadelphia/Camden PA,1.17,3,No,No,5921.73359702465,28637,27994,3036732,4948339,Free,Free,1314,7630,249.45
329,*,Denver              CO,*,Philadelphia/Camden PA,1.35,3,No,No,5840.94131056958,29055,27994,1862106,4948339,Free,Free,1568,3599,335.55
330,*,Detroit             MI,*,Philadelphia/Camden PA,1.05,3,No,No,4597.28699737876,26506,27994,4459144,4948339,Free,Constrained,450,7899,175.66
331,*,Fort Lauderdale     FL,*,Philadelphia/Camden PA,1.21,3,Yes,No,7577.56056650371,26752,27994,1440377,4948339,Free,Free,997,6541,132.77
332,*,Houston             TX,*,Philadelphia/Camden PA,1.36,3,No,No,5679.24509200734,27211,27994,3770125,4948339,Free,Free,1347,4023,353.56
333,*,Las Vegas           NV,*,Philadelphia/Camden PA,1.36,3,Yes,No,2494.44635653246,24575,27994,1197234,4948339,Free,Free,2179,6948,165.9
334,*,Los Angeles         CA,*,Philadelphia/Camden PA,1.37,3,No,No,3264.93810272141,24706,27994,9056076,4948339,Free,Free,2407,8981,293.21
335,*,Miami               FL,*,Philadelphia/Camden PA,1.15,3,Yes,No,4191.13972260094,21207,27994,2105604,4948339,Free,Free,1026,5725,152.67
336,*,Minneapolis/St Paul MN,*,Philadelphia/Camden PA,1.18,3,No,No,7362.53006783957,28739,27994,2761118,4948339,Free,Constrained,979,4149,295.46
337,*,Orlando             FL,*,Philadelphia/Camden PA,1.14,3,Yes,No,5335.32107428839,22360,27994,1421287,4948339,Free,Free,872,17853,114.28
338,*,Albuquerque         NM,*,Phoenix             AZ,1,3,No,Yes,6362.24046982062,22089,23025,668159,2753373,Free,Free,327,13947,57.05
339,*,Atlanta             GA,*,Phoenix             AZ,1.25,3,No,No,4275.3522653454,26993,23025,3532657,2753373,Free,Free,1591,5944,200.09
340,*,Austin              TX,*,Phoenix             AZ,1.1,3,No,Yes,4252.08532424038,23665,23025,1038660,2753373,Free,Free,876,4511,105.41
341,*,Boston              MA,*,Phoenix             AZ,1.7,3,No,No,1710.89592012254,30124,23025,5787293,2753373,Free,Free,2295,7130,197.42
342,*,Burbank             CA,*,Phoenix             AZ,1,3,No,Yes,5266.71566436279,24706,23025,9056076,2753373,Free,Free,363,10529,57.33
343,ORD,Chicago             IL,*,Phoenix             AZ,1.11,3,No,Yes,2297.84637611961,29260,23025,7830332,2753373,Controlled,Free,1446,23009,152.1
344,MDW,Chicago             IL,*,Phoenix             AZ,1.11,3,No,Yes,2297.84637611961,29260,23025,7830332,2753373,Free,Free,1446,23009,152.1
345,*,Cleveland           OH,*,Phoenix             AZ,1.56,0,No,Yes,2659.93539745345,26046,23025,2230955,2753373,Free,Free,1749,4272,166.66
346,*,Columbus            OH,*,Phoenix             AZ,1.56,3,No,Yes,3391.86949861854,24502,23025,125722,2753373,Free,Free,1673,4780,158
347,*,Dallas/Fort Worth   TX,*,Phoenix             AZ,1.1,0,No,No,4711.46894366787,28637,23025,3036732,2753373,Free,Free,870,7060,229.84
348,*,Denver              CO,*,Phoenix             AZ,1.02,0,No,No,3959.07430267061,29055,23025,1862106,2753373,Free,Free,590,11723,133.04
349,*,Detroit             MI,*,Phoenix             AZ,1.22,3,No,Yes,4116.07825300682,26506,23025,4459144,2753373,Free,Constrained,1682,8384,191.66
350,*,El Paso             TX,*,Phoenix             AZ,1,3,No,Yes,7231.62416911495,14600,23025,677757,2753373,Free,Free,353,6211,60.73
351,*,Houston             TX,*,Phoenix             AZ,1.08,3,No,Yes,3100.41252356633,27211,23025,3770125,2753373,Free,Free,1014,6277,148.28
352,*,Kansas City         MO,*,Phoenix             AZ,1.18,3,No,Yes,3725.95891693385,25450,23025,1694803,2753373,Free,Free,1046,8478,85.48
353,*,Las Vegas           NV,*,Phoenix             AZ,1,3,Yes,Yes,5619.01702949047,24575,23025,1197234,2753373,Free,Free,248,22995,53.07
354,*,Los Angeles         CA,*,Phoenix             AZ,1.01,3,No,Yes,3923.94311826505,24706,23025,9056076,2753373,Free,Free,366,35471,51.73
355,*,Minneapolis/St Paul MN,*,Phoenix             AZ,1.12,0,No,No,4317.48692456464,28739,23025,2761118,2753373,Free,Constrained,1279,8730,195.91
356,JFK,New York/Newark     NY,*,Phoenix             AZ,1.39,3,No,No,2892.90253393391,32991,23025,8621121,2753373,Controlled,Free,2148,14830,273.12
357,LGA,New York/Newark     NY,*,Phoenix             AZ,1.39,3,No,No,2892.90253393391,32991,23025,8621121,2753373,Controlled,Free,2148,14830,273.12
358,EWR,New York/Newark     NY,*,Phoenix             AZ,1.39,3,No,No,2892.90253393391,32991,23025,8621121,2753373,Free,Constrained,2148,14830,273.12
359,*,Oakland             CA,*,Phoenix             AZ,1.03,3,No,Yes,4787.55149335634,29846,23025,2237227,2753373,Free,Free,638,8271,84.15
360,*,Omaha               NE,*,Phoenix             AZ,1.34,3,No,Yes,3442.98126286195,25127,23025,679984,2753373,Free,Free,1031,5953,81.32
361,*,Orlando             FL,*,Phoenix             AZ,1.78,3,Yes,Yes,2275.24110821045,22360,23025,1421287,2753373,Free,Free,1851,4099,162.53
362,*,Philadelphia/Camden PA,*,Phoenix             AZ,1.55,3,No,No,3127.58946045916,27994,23025,4948339,2753373,Free,Free,2083,3891,291.78
363,*,Atlanta             GA,*,Pittsburgh          PA,1.04,3,No,No,4215.01203389333,26993,25054,3532657,2374260,Free,Constrained,525,7664,93.55
364,*,Boston              MA,*,Pittsburgh          PA,1.1,3,No,No,9174.829233892,30124,25054,5787293,2374260,Free,Constrained,483,5539,186.28
365,ORD,Chicago             IL,*,Pittsburgh          PA,1.05,3,No,No,4947.27966530556,29260,25054,7830332,2374260,Controlled,Constrained,412,6585,208.86
366,MDW,Chicago             IL,*,Pittsburgh          PA,1.05,3,No,No,4947.27966530556,29260,25054,7830332,2374260,Free,Constrained,412,6585,208.86
367,JFK,New York/Newark     NY,*,Pittsburgh          PA,1.02,3,No,No,5898.73925140497,32991,25054,8621121,2374260,Controlled,Constrained,325,13957,169.9
368,LGA,New York/Newark     NY,*,Pittsburgh          PA,1.02,3,No,No,5898.73925140497,32991,25054,8621121,2374260,Controlled,Constrained,325,13957,169.9
369,EWR,New York/Newark     NY,*,Pittsburgh          PA,1.02,3,No,No,5898.73925140497,32991,25054,8621121,2374260,Free,Constrained,325,13957,169.9
370,EWR,New York/Newark     NY,*,Pittsburgh          PA,1.02,3,No,No,5898.73925140497,32991,25054,8621121,2374260,Free,Constrained,325,13957,169.9
371,*,Orlando             FL,*,Pittsburgh          PA,1.23,3,Yes,No,6166.32677354556,22360,25054,1421287,2374260,Free,Constrained,831,7121,122.62
372,*,Philadelphia/Camden PA,*,Pittsburgh          PA,1.02,0,No,No,9935.07179931265,27994,25054,4948339,2374260,Free,Constrained,264,9515,134.09
373,*,Boise               ID,*,Portland            OR,1.01,1,No,Yes,4315.92095280292,23901,26409,372606,249561,Free,Free,344,5899,66.88
374,ORD,Chicago             IL,*,Portland            OR,1.34,3,No,No,4409.42340131393,29260,26409,7830332,249561,Controlled,Free,1749,5025,279.61
375,MDW,Chicago             IL,*,Portland            OR,1.34,3,No,No,4409.42340131393,29260,26409,7830332,249561,Free,Free,1749,5025,279.61
376,*,Denver              CO,*,Portland            OR,1.3,3,No,No,6769.3114214749,29055,26409,1862106,249561,Free,Free,992,4701,188.46
377,*,Honolulu (Intl)     HI,*,Portland            OR,1.63,3,Yes,No,3784.94189608928,26681,26409,873131,249561,Free,Free,2603,2746,205.51
378,*,Las Vegas           NV,*,Portland            OR,1.16,3,Yes,Yes,2318.278597684,24575,26409,1197234,249561,Free,Free,760,9497,69.19
379,*,Los Angeles         CA,*,Portland            OR,1.06,0,No,Yes,3153.67748892794,24706,26409,9056076,249561,Free,Free,831,16784,91.97
380,JFK,New York/Newark     NY,*,Portland            OR,1.77,3,No,No,2548.46202519786,32991,26409,8621121,249561,Controlled,Free,2444,4455,302.33
381,LGA,New York/Newark     NY,*,Portland            OR,1.77,3,No,No,2548.46202519786,32991,26409,8621121,249561,Controlled,Free,2444,4455,302.33
382,EWR,New York/Newark     NY,*,Portland            OR,1.77,1,No,No,2548.46202519786,32991,26409,8621121,249561,Free,Constrained,2444,4455,302.33
383,*,Oakland             CA,*,Portland            OR,1.01,3,No,Yes,5281.56199988625,29846,26409,2237227,249561,Free,Free,543,10016,63.76
384,*,Phoenix             AZ,*,Portland            OR,1.31,3,No,Yes,2710.38325112654,23025,26409,2753373,249561,Free,Free,1001,8292,114.95
385,*,Sacramento          CA,*,Portland            OR,1.04,3,No,Yes,5198.85403256638,24236,26409,1481076,249561,Free,Free,485,7070,65.8
386,*,Salt Lake City      UT,*,Portland            OR,1.03,3,No,Yes,5680.53386407531,21121,26409,1228816,249561,Free,Free,633,6602,79.48
387,*,San Diego           CA,*,Portland            OR,1.26,3,No,Yes,4876.68447051704,23903,26409,2673620,249561,Free,Free,933,6302,96.58
388,*,San Francisco       CA,*,Portland            OR,1.01,3,No,No,5144.16911638603,38813,26409,1653017,249561,Free,Free,542,13527,68.41
389,*,San Jose            CA,*,Portland            OR,1,3,No,Yes,4730.96014885117,34880,26409,1594251,249561,Free,Free,569,11593,65.84
390,*,Seattle/Tacoma      WA,*,Portland            OR,1,0,No,No,6397.40417315558,30916,26409,2230831,249561,Free,Free,135,11415,88.46
391,*,Spokane             WA,*,Portland            OR,1.01,3,No,Yes,5020.71936290852,21300,26409,403939,249561,Free,Free,281,6760,50.38
392,*,Baltimore/Wash Intl MD,*,Providence          RI,1.11,2,No,No,9129.66337107728,29838,24205,29838,905329,Free,Free,328,1504,176.88
393,ORD,Chicago             IL,*,Providence          RI,1.11,3,No,No,4124.54746265201,29260,24205,7830332,905329,Controlled,Free,842,2874,219.38
394,MDW,Chicago             IL,*,Providence          RI,1.11,2,No,No,4124.54746265201,29260,24205,7830332,905329,Free,Free,842,2874,219.38
395,JFK,New York/Newark     NY,*,Providence          RI,1,3,No,No,4449.75788002847,32991,24205,8621121,905329,Controlled,Free,147,4158,106.29
396,LGA,New York/Newark     NY,*,Providence          RI,1,3,No,No,4449.75788002847,32991,24205,8621121,905329,Controlled,Free,147,4158,106.29
397,EWR,New York/Newark     NY,*,Providence          RI,1,3,No,No,4449.75788002847,32991,24205,8621121,905329,Free,Constrained,147,4158,106.29
398,*,Orlando             FL,*,Providence          RI,1.55,2,Yes,No,3087.27020513119,22360,24205,1421287,905329,Free,Free,1075,4771,108.96
399,*,Atlanta             GA,*,Raleigh/Durham      NC,1.03,3,No,No,7046.11498000004,26993,26101,3532657,1021830,Free,Free,356,9307,123.44
400,*,Boston              MA,*,Raleigh/Durham      NC,1.26,3,No,No,4542.83218332738,30124,26101,5787293,1021830,Free,Free,606,5598,140.07
401,ORD,Chicago             IL,*,Raleigh/Durham      NC,1.12,3,No,No,4579.82394894575,29260,26101,7830332,1021830,Controlled,Free,636,6123,193.67
402,MDW,Chicago             IL,*,Raleigh/Durham      NC,1.12,3,No,No,4579.82394894575,29260,26101,7830332,1021830,Free,Free,636,6123,193.67
403,*,Dallas/Fort Worth   TX,*,Raleigh/Durham      NC,1.19,3,No,No,7617.69000081006,28637,26101,3036732,1021830,Free,Free,1065,4285,230.56
404,JFK,New York/Newark     NY,*,Raleigh/Durham      NC,1.06,3,No,No,3474.22789472513,32991,26101,8621121,1021830,Controlled,Free,426,12883,154.73
405,LGA,New York/Newark     NY,*,Raleigh/Durham      NC,1.06,3,No,No,3474.22789472513,32991,26101,8621121,1021830,Controlled,Free,426,12883,154.73
406,EWR,New York/Newark     NY,*,Raleigh/Durham      NC,1.06,3,No,No,3474.22789472513,32991,26101,8621121,1021830,Free,Constrained,426,12883,154.73
407,*,Philadelphia/Camden PA,*,Raleigh/Durham      NC,1.02,3,No,No,5317.35956530006,27994,26101,4948339,1021830,Free,Free,346,4288,144.86
408,IAD,Washington          DC,*,Raleigh/Durham      NC,1.01,3,No,No,3266.4409876557,31981,26101,4549784,1021830,Free,Free,225,7241,109.44
409,DCA,Washington          DC,*,Raleigh/Durham      NC,1.01,3,No,No,3266.4409876557,31981,26101,4549784,1021830,Controlled,Free,225,7241,109.44
410,ORD,Chicago             IL,*,Reno                NV,1.41,3,Yes,No,4014.79211755046,29260,29284,7830332,298680,Controlled,Free,1680,3926,125.9
411,MDW,Chicago             IL,*,Reno                NV,1.41,3,Yes,No,4014.79211755046,29260,29284,7830332,298680,Free,Free,1680,3926,125.9
412,*,Las Vegas           NV,*,Reno                NV,1,3,Yes,Yes,5182.36831868464,24575,29284,1197234,298680,Free,Free,344,13102,54.38
413,*,Los Angeles         CA,*,Reno                NV,1.09,3,Yes,Yes,5265.15426894082,24706,29284,9056076,298680,Free,Free,388,10213,60.28
414,*,Oakland             CA,*,Reno                NV,1,3,Yes,Yes,10000,29846,29284,2237227,298680,Free,Free,180,5220,47.85
415,*,Phoenix             AZ,*,Reno                NV,1.07,3,Yes,Yes,4860.35705059253,23025,29284,2753373,298680,Free,Free,592,4517,72.42
416,*,Portland            OR,*,Reno                NV,1.06,3,Yes,Yes,5296.51433866562,26409,29284,249561,298680,Free,Free,444,9368,44.89
417,*,San Diego           CA,*,Reno                NV,1.15,3,Yes,Yes,5550.55962320976,23903,29284,2673620,298680,Free,Free,488,3958,68.59
418,*,San Jose            CA,*,Reno                NV,1,3,Yes,Yes,5454.19458490251,34880,29284,1594251,298680,Free,Free,188,6394,42.47
419,*,Seattle/Tacoma      WA,*,Reno                NV,1.02,3,Yes,Yes,3802.73579808463,30916,29284,2230831,298680,Free,Free,569,14609,45.11
420,JFK,New York/Newark     NY,*,Richmond (Intl)     VA,1.04,3,No,No,5006.44784730757,32991,26553,8621121,936107,Controlled,Free,287,4472,218.54
421,LGA,New York/Newark     NY,*,Richmond (Intl)     VA,1.04,3,No,No,5006.44784730757,32991,26553,8621121,936107,Controlled,Free,287,4472,218.54
422,EWR,New York/Newark     NY,*,Richmond (Intl)     VA,1.04,3,No,No,5006.44784730757,32991,26553,8621121,936107,Free,Constrained,287,4472,218.54
423,JFK,New York/Newark     NY,*,Rochester           NY,1.01,3,No,No,3428.64015827986,32991,26044,8621121,113091,Controlled,Free,254,8469,127.38
424,LGA,New York/Newark     NY,*,Rochester           NY,1.01,3,No,No,3428.64015827986,32991,26044,8621121,113091,Controlled,Free,254,8469,127.38
425,EWR,New York/Newark     NY,*,Rochester           NY,1.01,3,No,No,3428.64015827986,32991,26044,8621121,113091,Free,Constrained,254,8469,127.38
426,*,Burbank             CA,*,Sacramento          CA,1.01,3,No,Yes,9819.55609977992,24706,24236,9056076,1481076,Free,Free,349,15444,52.53
427,*,Las Vegas           NV,*,Sacramento          CA,1.18,3,Yes,Yes,8072.25651687807,24575,24236,1197234,1481076,Free,Free,387,7985,56.91
428,*,Los Angeles         CA,*,Sacramento          CA,1.01,3,No,Yes,4729.10527680559,24706,24236,9056076,1481076,Free,Free,361,18833,56.79
429,*,Phoenix             AZ,*,Sacramento          CA,1.1,3,No,Yes,4450.66572956676,23025,24236,2753373,1481076,Free,Free,629,7007,78.67
430,*,San Diego           CA,*,Sacramento          CA,1.02,3,No,Yes,9130.73461438567,23903,24236,2673620,1481076,Free,Free,472,15062,57.57
431,*,Seattle/Tacoma      WA,*,Sacramento          CA,1.03,3,No,Yes,5889.76713550814,30916,24236,2230831,1481076,Free,Free,618,10303,64.39
432,*,Atlanta             GA,*,Salt Lake City      UT,1.46,3,No,No,6749.12210678807,26993,21121,3532657,1228816,Free,Free,1588,4644,179.13
433,ORD,Chicago             IL,*,Salt Lake City      UT,1.22,3,No,Yes,2711.42226727927,29260,21121,7830332,1228816,Controlled,Free,1259,5763,185.65
434,MDW,Chicago             IL,*,Salt Lake City      UT,1.22,3,No,Yes,2711.42226727927,29260,21121,7830332,1228816,Free,Free,1259,5763,185.65
435,*,Denver              CO,*,Salt Lake City      UT,1,3,No,No,2587.57731552163,29055,21121,1862106,1228816,Free,Free,388,12994,69.6
436,*,Las Vegas           NV,*,Salt Lake City      UT,1.01,3,Yes,Yes,3935.00517437214,24575,21121,1197234,1228816,Free,Free,359,10349,57.4
437,*,Los Angeles         CA,*,Salt Lake City      UT,1.05,3,No,Yes,5089.74544856348,24706,21121,9056076,1228816,Free,Free,584,17617,66.46
438,JFK,New York/Newark     NY,*,Salt Lake City      UT,1.64,3,No,No,3863.49902899796,32991,21121,8621121,1228816,Controlled,Free,1982,4739,259.32
439,LGA,New York/Newark     NY,*,Salt Lake City      UT,1.64,3,No,No,3863.49902899796,32991,21121,8621121,1228816,Controlled,Free,1982,4739,259.32
440,EWR,New York/Newark     NY,*,Salt Lake City      UT,1.64,1,No,No,3863.49902899796,32991,21121,8621121,1228816,Free,Constrained,1982,4739,259.32
441,*,Oakland             CA,*,Salt Lake City      UT,1,1,No,Yes,5218.37792840607,29846,21121,2237227,1228816,Free,Free,586,6460,69.95
442,*,Phoenix             AZ,*,Salt Lake City      UT,1.01,3,No,Yes,3570.78138257466,23025,21121,2753373,1228816,Free,Free,495,12447,73.69
443,*,Sacramento          CA,*,Salt Lake City      UT,1.05,1,No,Yes,6050.64952473416,24236,21121,1481076,1228816,Free,Free,525,4176,72.22
444,*,San Diego           CA,*,Salt Lake City      UT,1.06,3,No,Yes,5193.60694448708,23903,21121,2673620,1228816,Free,Free,617,6671,65.91
445,*,San Francisco       CA,*,Salt Lake City      UT,1.02,3,No,No,4491.65156330229,38813,21121,1653017,1228816,Free,Free,593,6213,85.19
446,*,Seattle/Tacoma      WA,*,Salt Lake City      UT,1.03,3,No,Yes,5135.88436836026,30916,21121,2230831,1228816,Free,Free,696,9201,78.3
447,ORD,Chicago             IL,*,San Antonio         TX,1.28,3,No,Yes,3262.14804570395,29260,21276,7830332,1481709,Controlled,Free,1038,6233,128.36
448,MDW,Chicago             IL,*,San Antonio         TX,1.28,3,No,Yes,3262.14804570395,29260,21276,7830332,1481709,Free,Free,1038,6233,128.36
449,*,Dallas/Fort Worth   TX,*,San Antonio         TX,1.01,3,No,Yes,5130.28674689394,28637,21276,3036732,1481709,Free,Free,242,22163,63.69
450,*,Houston             TX,*,San Antonio         TX,1,3,No,Yes,5751.81514319618,27211,21276,3770125,1481709,Free,Free,177,10581,63.92
451,*,Las Vegas           NV,*,San Antonio         TX,1.3,3,Yes,Yes,5553.15614333045,24575,21276,1197234,1481709,Free,Free,1074,6756,86.71
452,*,Los Angeles         CA,*,San Antonio         TX,1.42,3,No,Yes,2909.14884532692,24706,21276,9056076,1481709,Free,Free,1218,4620,130.09
453,JFK,New York/Newark     NY,*,San Antonio         TX,1.78,3,No,No,2905.974704905,32991,21276,8621121,1481709,Controlled,Free,1577,3732,273.53
454,LGA,New York/Newark     NY,*,San Antonio         TX,1.78,3,No,No,2905.974704905,32991,21276,8621121,1481709,Controlled,Free,1577,3732,273.53
455,EWR,New York/Newark     NY,*,San Antonio         TX,1.78,3,No,No,2905.974704905,32991,21276,8621121,1481709,Free,Constrained,1577,3732,273.53
456,*,Orlando             FL,*,San Antonio         TX,1.6,2,Yes,Yes,2366.36440012589,22360,21276,1421287,1481709,Free,Free,1032,2978,118.17
457,*,Atlanta             GA,*,San Diego           CA,1.44,3,No,No,5011.87780413414,26993,23903,3532657,2673620,Free,Free,1886,4445,204.35
458,*,Boston              MA,*,San Diego           CA,1.94,3,No,No,1888.30294791701,30124,23903,5787293,2673620,Free,Free,2576,3987,291.51
459,ORD,Chicago             IL,*,San Diego           CA,1.27,1,No,Yes,2863.20249728125,29260,23903,7830332,2673620,Controlled,Free,1724,9252,219.63
460,MDW,Chicago             IL,*,San Diego           CA,1.27,3,No,Yes,2863.20249728125,29260,23903,7830332,2673620,Free,Free,1724,9252,219.63
461,*,Dallas/Fort Worth   TX,*,San Diego           CA,1.18,3,No,No,5570.80317385982,28637,23903,3036732,2673620,Free,Free,1163,4596,252.97
462,*,Denver              CO,*,San Diego           CA,1.2,3,No,No,6496.30233863897,29055,23903,1862106,2673620,Free,Free,840,6901,134.79
463,*,Las Vegas           NV,*,San Diego           CA,1.01,0,Yes,Yes,6906.75434626489,24575,23903,1197234,2673620,Free,Free,258,17966,53.14
464,*,Los Angeles         CA,*,San Diego           CA,1,3,No,No,3105.31220321505,24706,23903,9056076,2673620,Free,Free,114,6446,70.41
465,*,Los Angeles         CA,*,San Diego           CA,1,3,No,No,3105.31220321505,24706,23903,9056076,2673620,Free,Free,114,6446,70.41
466,*,Minneapolis/St Paul MN,*,San Diego           CA,1.3,3,No,No,5472.06530069226,28739,23903,2761118,2673620,Free,Constrained,1532,3066,251.73
467,JFK,New York/Newark     NY,*,San Diego           CA,1.57,3,No,No,2313.60358424439,32991,23903,8621121,2673620,Controlled,Free,2433,9343,299.17
468,LGA,New York/Newark     NY,*,San Diego           CA,1.57,3,No,No,2313.60358424439,32991,23903,8621121,2673620,Controlled,Free,2433,9343,299.17
469,EWR,New York/Newark     NY,*,San Diego           CA,1.57,1,No,No,2313.60358424439,32991,23903,8621121,2673620,Free,Constrained,2433,9343,299.17
470,*,Oakland             CA,*,San Diego           CA,1.02,3,No,Yes,9588.08650167618,29846,23903,2237227,2673620,Free,Free,448,16226,57.29
471,*,Phoenix             AZ,*,San Diego           CA,1.01,3,No,Yes,5918.84132852751,23025,23903,2753373,2673620,Free,Free,295,20653,50.1
472,*,San Francisco       CA,*,San Diego           CA,1.02,3,No,Yes,5101.82889809973,38813,23903,1653017,2673620,Free,Free,455,27906,58.68
473,*,Seattle/Tacoma      WA,*,San Diego           CA,1.26,3,No,Yes,5588.71551244492,30916,23903,2230831,2673620,Free,Free,1056,11396,100.8
474,*,Atlanta             GA,*,San Francisco       CA,1.36,3,No,No,5492.5993310251,26993,38813,3532657,1653017,Free,Free,2137,10112,248.49
475,*,Boston              MA,*,San Francisco       CA,1.39,3,No,No,5559.43255021619,30124,38813,5787293,1653017,Free,Free,2694,16050,367.72
476,*,Burbank             CA,*,San Francisco       CA,1,3,No,No,9978.48563161371,24706,38813,9056076,1653017,Free,Free,332,14363,83.74
477,ORD,Chicago             IL,*,San Francisco       CA,1.2,3,No,No,5068.53220624945,29260,38813,7830332,1653017,Controlled,Free,1851,20831,291.66
478,MDW,Chicago             IL,*,San Francisco       CA,1.2,3,No,No,5068.53220624945,29260,38813,7830332,1653017,Free,Free,1851,20831,291.66
479,*,Dallas/Fort Worth   TX,*,San Francisco       CA,1.24,3,No,No,4935.18346266928,28637,38813,3036732,1653017,Free,Free,1463,7537,297.83
480,*,Denver              CO,*,San Francisco       CA,1.09,3,No,No,7251.37244760494,29055,38813,1862106,1653017,Free,Free,960,15039,168.96
481,*,Detroit             MI,*,San Francisco       CA,1.37,3,No,No,5583.01625395535,26506,38813,4459144,1653017,Free,Constrained,2084,4913,314.88
482,*,Houston             TX,*,San Francisco       CA,1.26,3,No,Yes,4745.30066891345,27211,38813,3770125,1653017,Free,Free,1637,7341,241.04
483,*,Kansas City         MO,*,San Francisco       CA,1.35,3,No,No,2024.97030844194,25450,38813,1694803,1653017,Free,Free,1500,6158,116.52
484,*,Las Vegas           NV,*,San Francisco       CA,1.06,3,Yes,Yes,4548.61339765679,24575,38813,1197234,1653017,Free,Free,416,17840,72.58
485,*,Los Angeles         CA,*,San Francisco       CA,1.02,3,No,No,7664.02632939946,24706,38813,9056076,1653017,Free,Free,341,43671,79.23
486,*,Miami               FL,*,San Francisco       CA,1.43,3,Yes,No,4074.10382217345,21207,38813,2105604,1653017,Free,Free,2579,4583,261.67
487,*,Minneapolis/St Paul MN,*,San Francisco       CA,1.19,3,No,No,6902.15480311628,28739,38813,2761118,1653017,Free,Constrained,1589,8881,224.17
488,JFK,New York/Newark     NY,*,San Francisco       CA,1.24,3,No,No,3362.85885724682,32991,38813,8621121,1653017,Controlled,Free,2574,41492,374.4
489,LGA,New York/Newark     NY,*,San Francisco       CA,1.24,3,No,No,3362.85885724682,32991,38813,8621121,1653017,Controlled,Free,2574,41492,374.4
490,EWR,New York/Newark     NY,*,San Francisco       CA,1.24,3,No,No,3362.85885724682,32991,38813,8621121,1653017,Free,Constrained,2574,41492,374.4
491,*,Orlando             FL,*,San Francisco       CA,1.66,3,Yes,No,2638.87114139197,22360,38813,1421287,1653017,Free,Free,2443,4799,261.74
492,*,Philadelphia/Camden PA,*,San Francisco       CA,1.41,3,No,No,3516.96990036175,27994,38813,4948339,1653017,Free,Free,2523,8081,326.76
493,*,Phoenix             AZ,*,San Francisco       CA,1.03,3,No,Yes,3405.74650501374,23025,38813,2753373,1653017,Free,Free,646,14400,85.52
494,*,Seattle/Tacoma      WA,*,San Francisco       CA,1.02,3,No,No,5124.22479750489,30916,38813,2230831,1653017,Free,Free,676,20727,81.28
495,*,Austin              TX,*,San Jose            CA,1.17,3,No,Yes,7262.64868753157,23665,34880,1038660,1594251,Free,Free,1473,4071,200.41
496,*,Boston              MA,*,San Jose            CA,1.53,3,No,No,5155.4707139483,30124,34880,5787293,1594251,Free,Free,2682,3677,402.02
497,*,Burbank             CA,*,San Jose            CA,1,3,No,Yes,9986.31872736322,24706,34880,9056076,1594251,Free,Free,296,10770,59.8
498,ORD,Chicago             IL,*,San Jose            CA,1.27,3,No,No,3654.11269717563,29260,34880,7830332,1594251,Controlled,Free,1837,4600,294.18
499,MDW,Chicago             IL,*,San Jose            CA,1.27,3,No,No,3654.11269717563,29260,34880,7830332,1594251,Free,Free,1837,4600,294.18
500,*,Dallas/Fort Worth   TX,*,San Jose            CA,1.12,3,No,No,7516.35482727267,28637,34880,3036732,1594251,Free,Free,1436,4799,325.02
501,*,Denver              CO,*,San Jose            CA,1.18,3,No,No,8142.60287345427,29055,34880,1862106,1594251,Free,Free,943,4166,263.48
502,*,Las Vegas           NV,*,San Jose            CA,1.01,3,Yes,Yes,5472.43405951519,24575,34880,1197234,1594251,Free,Free,387,13378,55.16
503,*,Los Angeles         CA,*,San Jose            CA,1,3,No,Yes,4636.25344490175,24706,34880,9056076,1594251,Free,Free,305,26888,58.98
504,*,Phoenix             AZ,*,San Jose            CA,1.05,3,No,Yes,5108.01252618544,23025,34880,2753373,1594251,Free,Free,614,10131,92.57
505,*,San Diego           CA,*,San Jose            CA,1,3,No,Yes,4956.26952503884,23903,34880,2673620,1594251,Free,Free,419,17034,63.39
506,*,Seattle/Tacoma      WA,*,San Jose            CA,1.02,3,No,Yes,5201.64848015845,30916,34880,2230831,1594251,Free,Free,702,15072,63.3
507,JFK,New York/Newark     NY,*,Sarasota/Bradenton  FL,1.37,3,Yes,No,3787.29285107681,32991,30460,8621121,528868,Controlled,Free,1042,4028,137.25
508,LGA,New York/Newark     NY,*,Sarasota/Bradenton  FL,1.37,1,Yes,No,3787.29285107681,32991,30460,8621121,528868,Controlled,Free,1042,4028,137.25
509,EWR,New York/Newark     NY,*,Sarasota/Bradenton  FL,1.37,3,Yes,No,3787.29285107681,32991,30460,8621121,528868,Free,Constrained,1042,4028,137.25
510,*,Anchorage           AK,*,Seattle/Tacoma      WA,1.02,3,No,No,6372.58925112017,28690,30916,249642,2230831,Free,Free,1443,14474,142.83
511,*,Atlanta             GA,*,Seattle/Tacoma      WA,1.47,3,No,No,5090.58409194208,26993,30916,3532657,2230831,Free,Free,2182,6124,200.2
512,*,Boston              MA,*,Seattle/Tacoma      WA,1.59,3,No,No,2705.02644070354,30124,30916,5787293,2230831,Free,Free,2489,4560,297.61
513,*,Burbank             CA,*,Seattle/Tacoma      WA,1.11,3,No,Yes,6039.76065644061,24706,30916,9056076,2230831,Free,Free,943,5638,97.46
514,ORD,Chicago             IL,*,Seattle/Tacoma      WA,1.25,1,No,No,4148.55737912382,29260,30916,7830332,2230831,Controlled,Free,1731,10343,260.16
515,MDW,Chicago             IL,*,Seattle/Tacoma      WA,1.25,3,No,No,4148.55737912382,29260,30916,7830332,2230831,Free,Free,1731,10343,260.16
516,*,Dallas/Fort Worth   TX,*,Seattle/Tacoma      WA,1.23,3,No,No,4487.06762717064,28637,30916,3036732,2230831,Free,Free,1662,6482,239.66
517,*,Denver              CO,*,Seattle/Tacoma      WA,1.14,3,No,No,6825.48838213559,29055,30916,1862106,2230831,Free,Free,1028,9760,169.92
518,*,Detroit             MI,*,Seattle/Tacoma      WA,1.42,3,No,No,5870.66415868235,26506,30916,4459144,2230831,Free,Constrained,1932,2575,285.34
519,*,Las Vegas           NV,*,Seattle/Tacoma      WA,1.16,3,Yes,Yes,2781.55356037825,24575,30916,1197234,2230831,Free,Free,869,15887,70.16
520,*,Los Angeles         CA,*,Seattle/Tacoma      WA,1.08,3,No,Yes,3905.34342627535,24706,30916,9056076,2230831,Free,Free,957,28988,101.64
521,*,Minneapolis/St Paul MN,*,Seattle/Tacoma      WA,1.13,3,No,No,7845.91924326414,28739,30916,2761118,2230831,Free,Constrained,1402,6907,186.96
522,JFK,New York/Newark     NY,*,Seattle/Tacoma      WA,1.52,1,No,No,2019.98026658788,32991,30916,8621121,2230831,Controlled,Free,2411,10125,289.25
523,LGA,New York/Newark     NY,*,Seattle/Tacoma      WA,1.52,3,No,No,2019.98026658788,32991,30916,8621121,2230831,Controlled,Free,2411,10125,289.25
524,EWR,New York/Newark     NY,*,Seattle/Tacoma      WA,1.52,1,No,No,2019.98026658788,32991,30916,8621121,2230831,Free,Constrained,2411,10125,289.25
525,*,Oakland             CA,*,Seattle/Tacoma      WA,1.02,3,No,Yes,5328.84882327379,29846,30916,2237227,2230831,Free,Free,677,17497,63.06
526,*,Orlando             FL,*,Seattle/Tacoma      WA,1.88,3,Yes,No,2012.45964040468,22360,30916,1421287,2230831,Free,Free,2553,3183,238.73
527,*,Phoenix             AZ,*,Seattle/Tacoma      WA,1.22,3,No,Yes,2963.01247705078,23025,30916,2753373,2230831,Free,Free,1103,13153,110
528,*,Seattle/Tacoma      WA,*,Spokane             WA,1,3,No,Yes,5552.01168554732,30916,21300,2230831,403939,Free,Free,225,16507,51.3
529,*,Atlanta             GA,*,St Louis            MO,1.07,3,No,No,4636.00376751942,26993,25824,3532657,2549844,Free,Free,471,5303,199.8
530,ORD,Chicago             IL,*,St Louis            MO,1,3,No,Yes,3042.24819109484,29260,25824,7830332,2549844,Controlled,Free,257,24362,76.96
531,MDW,Chicago             IL,*,St Louis            MO,1,3,No,Yes,3042.24819109484,29260,25824,7830332,2549844,Free,Free,257,24362,76.96
532,*,Cleveland           OH,*,St Louis            MO,1.04,3,No,Yes,3642.39280872644,26046,25824,2230955,2549844,Free,Free,492,5629,77.62
533,*,Dallas/Fort Worth   TX,*,St Louis            MO,1.06,3,No,No,4803.13064255981,28637,25824,3036732,2549844,Free,Free,556,7478,188.11
534,*,Denver              CO,*,St Louis            MO,1.08,3,No,No,4128.59952865964,29055,25824,1862106,2549844,Free,Free,785,4186,207.17
535,*,Detroit             MI,*,St Louis            MO,1.02,3,No,Yes,3363.80481878109,26506,25824,4459144,2549844,Free,Constrained,447,10298,77.46
536,*,Houston             TX,*,St Louis            MO,1.03,3,No,Yes,3467.6956389867,27211,25824,3770125,2549844,Free,Free,682,7785,105.13
537,*,Kansas City         MO,*,St Louis            MO,1,3,No,Yes,5034.17829305581,25450,25824,1694803,2549844,Free,Free,244,9784,56.8
538,*,Las Vegas           NV,*,St Louis            MO,1.28,3,Yes,Yes,3699.42372837634,24575,25824,1197234,2549844,Free,Free,1379,4971,141.48
539,*,Los Angeles         CA,*,St Louis            MO,1.28,3,No,Yes,5138.00847013195,24706,25824,9056076,2549844,Free,Free,1602,6165,210.16
540,*,Minneapolis/St Paul MN,*,St Louis            MO,1.03,3,No,No,4901.10133650336,28739,25824,2761118,2549844,Free,Constrained,457,4826,202.77
541,JFK,New York/Newark     NY,*,St Louis            MO,1.16,3,No,No,6275.60641043722,32991,25824,8621121,2549844,Controlled,Free,877,10816,261.63
542,LGA,New York/Newark     NY,*,St Louis            MO,1.16,3,No,No,6275.60641043722,32991,25824,8621121,2549844,Controlled,Free,877,10816,261.63
543,EWR,New York/Newark     NY,*,St Louis            MO,1.16,3,No,No,6275.60641043722,32991,25824,8621121,2549844,Free,Constrained,877,10816,261.63
544,*,Orlando             FL,*,St Louis            MO,1.29,3,Yes,Yes,4708.44138916543,22360,25824,1421287,2549844,Free,Free,869,6082,142.98
545,*,Phoenix             AZ,*,St Louis            MO,1.07,3,No,Yes,3503.22212546456,23025,25824,2753373,2549844,Free,Free,1272,5830,137.2
546,JFK,New York/Newark     NY,*,Syracuse            NY,1,3,No,No,2806.91580522546,32991,22069,8621121,743633,Controlled,Free,199,5275,120.84
547,LGA,New York/Newark     NY,*,Syracuse            NY,1,3,No,No,2806.91580522546,32991,22069,8621121,743633,Controlled,Free,199,5275,120.84
548,EWR,New York/Newark     NY,*,Syracuse            NY,1,3,No,No,2806.91580522546,32991,22069,8621121,743633,Free,Constrained,199,5275,120.84
549,*,Orlando             FL,*,Syracuse            NY,1.55,3,Yes,No,3503.11371567484,22360,22069,1421287,743633,Free,Free,1054,3861,119.9
550,*,Miami               FL,*,Tallahassee         FL,1.04,3,Yes,No,3375.36954628675,21207,21002,2105604,258019,Free,Free,399,2789,105.45
551,*,Atlanta             GA,*,Tampa               FL,1.01,3,Yes,No,4891.84007651736,26993,23654,3532657,2195215,Free,Free,414,17437,87.35
552,*,Boston              MA,*,Tampa               FL,1.27,3,Yes,No,2982.62346201449,30124,23654,5787293,2195215,Free,Free,1183,10673,124.82
553,ORD,Chicago             IL,*,Tampa               FL,1.14,3,Yes,Yes,2260.16643632466,29260,23654,7830332,2195215,Controlled,Free,1008,17160,127.06
554,MDW,Chicago             IL,*,Tampa               FL,1.14,3,Yes,Yes,2260.16643632466,29260,23654,7830332,2195215,Free,Free,1008,17160,127.06
555,*,Columbus            OH,*,Tampa               FL,1.55,3,Yes,Yes,2553.1650254048,24502,23654,125722,2195215,Free,Free,834,4587,106.65
556,*,Dallas/Fort Worth   TX,*,Tampa               FL,1.13,3,Yes,No,5565.53843981844,28637,23654,3036732,2195215,Free,Free,936,5196,200.69
557,*,Detroit             MI,*,Tampa               FL,1.17,3,Yes,No,4984.07686129158,26506,23654,4459144,2195215,Free,Constrained,994,10640,107.51
558,*,Fort Lauderdale     FL,*,Tampa               FL,1,3,Yes,Yes,3692.27931387487,26752,23654,1440377,2195215,Free,Free,187,13264,46.32
559,*,Hartford            CT,*,Tampa               FL,1.44,3,Yes,No,4633.50982245378,30268,23654,1106780,2195215,Free,Free,1108,4410,125.25
560,*,Las Vegas           NV,*,Tampa               FL,1.67,3,Yes,Yes,2238.07703898432,24575,23654,1197234,2195215,Free,Free,1989,3905,128.97
561,*,Los Angeles         CA,*,Tampa               FL,1.61,3,Yes,No,3873.0014997392,24706,23654,9056076,2195215,Free,Free,2164,4065,224.21
562,*,Miami               FL,*,Tampa               FL,1,3,Yes,No,5791.78121462578,21207,23654,2105604,2195215,Free,Free,194,7464,85.62
563,JFK,New York/Newark     NY,*,Tampa               FL,1.1,3,Yes,No,2422.98364878623,32991,23654,8621121,2195215,Controlled,Free,1009,27103,123.89
564,LGA,New York/Newark     NY,*,Tampa               FL,1.1,3,Yes,No,2422.98364878623,32991,23654,8621121,2195215,Controlled,Free,1009,27103,123.89
565,EWR,New York/Newark     NY,*,Tampa               FL,1.1,0,Yes,No,2422.98364878623,32991,23654,8621121,2195215,Free,Constrained,1009,27103,123.89
566,*,Philadelphia/Camden PA,*,Tampa               FL,1.15,3,Yes,No,6172.24163267327,27994,23654,4948339,2195215,Free,Free,932,8064,122.99
567,*,Pittsburgh          PA,*,Tampa               FL,1.29,3,Yes,No,7105.01131780288,25054,23654,2374260,2195215,Free,Constrained,874,4715,119.84
568,*,St Louis            MO,*,Tampa               FL,1.19,3,Yes,Yes,4136.63421791231,25824,23654,2549844,2195215,Free,Free,865,4749,135.76
569,*,Las Vegas           NV,*,Tucson              AZ,1.1,3,Yes,Yes,3552.11171604125,24575,20375,1197234,766956,Free,Free,357,5658,49.77
570,*,Los Angeles         CA,*,Tucson              AZ,1.05,1,No,Yes,3098.7358685681,24706,20375,9056076,766956,Free,Free,447,12808,49.02
571,*,San Diego           CA,*,Tucson              AZ,1.17,3,No,Yes,6167.00199050745,23903,20375,2673620,766956,Free,Free,358,4307,54.96
572,*,Dallas/Fort Worth   TX,*,Tulsa               OK,1,3,No,Yes,4601.9634776275,28637,22956,3036732,754013,Free,Free,239,11479,64.97
573,*,Houston             TX,*,Tulsa               OK,1.07,3,No,Yes,4959.21463303245,27211,22956,3770125,754013,Free,Free,444,7782,100.36
574,*,Albuquerque         NM,IAD,Washington          DC,1.89,3,No,No,2225.74327191105,22089,31981,668159,4549784,Free,Free,1643,3740,215.57
575,*,Albuquerque         NM,DCA,Washington          DC,1.89,3,No,No,2225.74327191105,22089,31981,668159,4549784,Controlled,Free,1643,3740,215.57
576,*,Atlanta             GA,IAD,Washington          DC,1.12,3,No,No,6334.03186949751,26993,31981,3532657,4549784,Free,Free,539,23531,166.67
577,*,Atlanta             GA,DCA,Washington          DC,1.12,3,No,No,6334.03186949751,26993,31981,3532657,4549784,Controlled,Free,539,23531,166.67
578,*,Boston              MA,IAD,Washington          DC,1.04,3,No,No,5483.28533744277,30124,31981,5787293,4549784,Free,Free,400,37715,132.79
579,*,Boston              MA,DCA,Washington          DC,1.04,3,No,No,5483.28533744277,30124,31981,5787293,4549784,Controlled,Free,400,37715,132.79
580,ORD,Chicago             IL,IAD,Washington          DC,1.09,3,No,No,5560.73440287451,29260,31981,7830332,4549784,Controlled,Free,591,27713,145.61
581,ORD,Chicago             IL,DCA,Washington          DC,1.09,3,No,No,5560.73440287451,29260,31981,7830332,4549784,Controlled,Free,591,27713,145.61
582,MDW,Chicago             IL,IAD,Washington          DC,1.09,3,No,No,5560.73440287451,29260,31981,7830332,4549784,Free,Free,591,27713,145.61
583,MDW,Chicago             IL,DCA,Washington          DC,1.09,3,No,No,5560.73440287451,29260,31981,7830332,4549784,Controlled,Free,591,27713,145.61
584,*,Columbus            OH,IAD,Washington          DC,1.07,3,No,No,3289.85839151223,24502,31981,125722,4549784,Free,Free,310,6583,100.95
585,*,Columbus            OH,DCA,Washington          DC,1.07,3,No,No,3289.85839151223,24502,31981,125722,4549784,Controlled,Free,310,6583,100.95
586,*,Dallas/Fort Worth   TX,IAD,Washington          DC,1.16,3,No,No,6460.84058092064,28637,31981,3036732,4549784,Free,Free,1185,14398,256.86
587,*,Dallas/Fort Worth   TX,DCA,Washington          DC,1.16,3,No,No,6460.84058092064,28637,31981,3036732,4549784,Controlled,Free,1185,14398,256.86
588,*,Denver              CO,IAD,Washington          DC,1.33,3,No,No,7046.98471273948,29055,31981,1862106,4549784,Free,Free,1470,12410,240.48
589,*,Denver              CO,DCA,Washington          DC,1.33,3,No,No,7046.98471273948,29055,31981,1862106,4549784,Controlled,Free,1470,12410,240.48
590,*,Detroit             MI,IAD,Washington          DC,1.08,3,No,No,8369.87647131028,26506,31981,4459144,4549784,Free,Constrained,391,7833,205.96
591,*,Detroit             MI,DCA,Washington          DC,1.08,3,No,No,8369.87647131028,26506,31981,4459144,4549784,Controlled,Constrained,391,7833,205.96
592,*,Fort Lauderdale     FL,IAD,Washington          DC,1.31,3,Yes,No,5433.17448063814,26752,31981,1440377,4549784,Free,Free,896,5935,127.67
593,*,Fort Lauderdale     FL,DCA,Washington          DC,1.31,3,Yes,No,5433.17448063814,26752,31981,1440377,4549784,Controlled,Free,896,5935,127.67
594,*,Hartford            CT,IAD,Washington          DC,1.04,0,No,No,5796.37538622354,30268,31981,1106780,4549784,Free,Free,315,7688,117.35
595,*,Hartford            CT,DCA,Washington          DC,1.04,3,No,No,5796.37538622354,30268,31981,1106780,4549784,Controlled,Free,315,7688,117.35
596,*,Houston             TX,IAD,Washington          DC,1.36,3,No,No,4641.26441325544,27211,31981,3770125,4549784,Free,Free,1213,4708,297.2
597,*,Houston             TX,DCA,Washington          DC,1.36,3,No,No,4641.26441325544,27211,31981,3770125,4549784,Controlled,Free,1213,4708,297.2
598,*,Kansas City         MO,IAD,Washington          DC,1.42,3,No,No,4221.56193669298,25450,31981,1694803,4549784,Free,Free,935,5252,182.56
599,*,Kansas City         MO,DCA,Washington          DC,1.42,3,No,No,4221.56193669298,25450,31981,1694803,4549784,Controlled,Free,935,5252,182.56
600,*,Los Angeles         CA,IAD,Washington          DC,1.33,3,No,No,3680.5992488174,24706,31981,9056076,4549784,Free,Free,2300,20007,303.82
601,*,Los Angeles         CA,DCA,Washington          DC,1.33,3,No,No,3680.5992488174,24706,31981,9056076,4549784,Controlled,Free,2300,20007,303.82
602,*,Miami               FL,IAD,Washington          DC,1.15,3,Yes,No,5121.24212776866,21207,31981,2105604,4549784,Free,Free,924,9176,147.8
603,*,Miami               FL,DCA,Washington          DC,1.15,3,Yes,No,5121.24212776866,21207,31981,2105604,4549784,Controlled,Free,924,9176,147.8
604,*,Minneapolis/St Paul MN,IAD,Washington          DC,1.19,3,No,No,7968.62756885666,28739,31981,2761118,4549784,Free,Constrained,916,8215,235.1
605,*,Minneapolis/St Paul MN,DCA,Washington          DC,1.19,3,No,No,7968.62756885666,28739,31981,2761118,4549784,Controlled,Constrained,916,8215,235.1
606,*,New Orleans         LA,IAD,Washington          DC,1.46,3,No,No,2946.22641920069,22038,31981,1308499,4549784,Free,Free,956,6208,164.3
607,*,New Orleans         LA,DCA,Washington          DC,1.46,3,No,No,2946.22641920069,22038,31981,1308499,4549784,Controlled,Free,956,6208,164.3
608,JFK,New York/Newark     NY,IAD,Washington          DC,1,3,No,No,2487.88845052674,32991,31981,8621121,4549784,Controlled,Free,217,63690,114.35
609,JFK,New York/Newark     NY,DCA,Washington          DC,1,3,No,No,2487.88845052674,32991,31981,8621121,4549784,Controlled,Free,217,63690,114.35
610,LGA,New York/Newark     NY,IAD,Washington          DC,1,1,No,No,2487.88845052674,32991,31981,8621121,4549784,Controlled,Free,217,63690,114.35
611,LGA,New York/Newark     NY,DCA,Washington          DC,1,3,No,No,2487.88845052674,32991,31981,8621121,4549784,Controlled,Free,217,63690,114.35
612,EWR,New York/Newark     NY,IAD,Washington          DC,1,3,No,No,2487.88845052674,32991,31981,8621121,4549784,Free,Constrained,217,63690,114.35
613,EWR,New York/Newark     NY,DCA,Washington          DC,1,3,No,No,2487.88845052674,32991,31981,8621121,4549784,Controlled,Constrained,217,63690,114.35
614,*,Orlando             FL,IAD,Washington          DC,1.15,1,Yes,No,3081.34411240913,22360,31981,1421287,4549784,Free,Free,760,14683,125.8
615,*,Orlando             FL,DCA,Washington          DC,1.15,3,Yes,No,3081.34411240913,22360,31981,1421287,4549784,Controlled,Free,760,14683,125.8
616,*,Phoenix             AZ,IAD,Washington          DC,1.58,3,No,No,2295.22684415938,23025,31981,2753373,4549784,Free,Free,1970,5190,279.83
617,*,Phoenix             AZ,DCA,Washington          DC,1.58,3,No,No,2295.22684415938,23025,31981,2753373,4549784,Controlled,Free,1970,5190,279.83
618,*,San Diego           CA,IAD,Washington          DC,1.57,3,No,No,3329.81018779828,23903,31981,2673620,4549784,Free,Free,2259,6724,273.83
619,*,San Diego           CA,DCA,Washington          DC,1.57,3,No,No,3329.81018779828,23903,31981,2673620,4549784,Controlled,Free,2259,6724,273.83
620,*,San Francisco       CA,IAD,Washington          DC,1.37,3,No,No,6865.76716878018,38813,31981,1653017,4549784,Free,Free,2428,17938,347.82
621,*,San Francisco       CA,DCA,Washington          DC,1.37,3,No,No,6865.76716878018,38813,31981,1653017,4549784,Controlled,Free,2428,17938,347.82
622,*,Seattle/Tacoma      WA,IAD,Washington          DC,1.55,3,No,No,4358.51032807365,30916,31981,2230831,4549784,Free,Free,2317,7614,281.06
623,*,Seattle/Tacoma      WA,DCA,Washington          DC,1.55,3,No,No,4358.51032807365,30916,31981,2230831,4549784,Controlled,Free,2317,7614,281.06
624,*,St Louis            MO,IAD,Washington          DC,1.14,3,No,No,8117.1221947995,25824,31981,2549844,4549784,Free,Free,699,4957,258.37
625,*,St Louis            MO,DCA,Washington          DC,1.14,3,No,No,8117.1221947995,25824,31981,2549844,4549784,Controlled,Free,699,4957,258.37
626,*,Tampa               FL,IAD,Washington          DC,1.24,3,Yes,No,4580.05106740664,23654,31981,2195215,4549784,Free,Free,815,8413,132.94
627,*,Tampa               FL,DCA,Washington          DC,1.24,3,Yes,No,4580.05106740664,23654,31981,2195215,4549784,Controlled,Free,815,8413,132.94
628,*,Atlanta             GA,*,West Palm Beach     FL,1.01,3,Yes,No,6017.65594635175,26993,37375,3532657,991717,Free,Free,546,7788,104.11
629,*,Boston              MA,*,West Palm Beach     FL,1.32,3,Yes,No,4771.66275827011,30124,37375,5787293,991717,Free,Free,1193,8170,127.83
630,ORD,Chicago             IL,*,West Palm Beach     FL,1.26,3,Yes,No,2040.42072803851,29260,37375,7830332,991717,Controlled,Free,1134,5449,145.53
631,MDW,Chicago             IL,*,West Palm Beach     FL,1.26,3,Yes,No,2040.42072803851,29260,37375,7830332,991717,Free,Free,1134,5449,145.53
632,*,Hartford            CT,*,West Palm Beach     FL,1.36,3,Yes,No,3951.54973283312,30268,37375,1106780,991717,Free,Free,1125,5243,130.15
633,JFK,New York/Newark     NY,*,West Palm Beach     FL,1.08,3,Yes,No,2216.695084497,32991,37375,8621121,991717,Controlled,Free,1030,34324,129.63
634,LGA,New York/Newark     NY,*,West Palm Beach     FL,1.08,3,Yes,No,2216.695084497,32991,37375,8621121,991717,Controlled,Free,1030,34324,129.63
635,EWR,New York/Newark     NY,*,West Palm Beach     FL,1.08,0,Yes,No,2216.695084497,32991,37375,8621121,991717,Free,Constrained,1030,34324,129.63
636,*,Philadelphia/Camden PA,*,West Palm Beach     FL,1.17,3,Yes,No,6797.80046453382,27994,37375,4948339,991717,Free,Free,960,6016,124.87
637,IAD,Washington          DC,*,West Palm Beach     FL,1.28,3,Yes,No,5566.42674366952,31981,37375,4549784,991717,Free,Free,858,4877,129.62
638,DCA,Washington          DC,*,West Palm Beach     FL,1.28,3,Yes,No,5566.42674366952,31981,37375,4549784,991717,Controlled,Free,858,4877,129.62
